,playerid,web_name,element_type_x,now_cost,team,expected_goals.gw,expected_assists.gw,expected_goal_involvements.gw,expected_goals_conceded.gw,XGI_Weighted,XGC_Weighted,AttackOpp_pergame,DefenceOpp_pergame,element,position,multiplier,is_captain,is_vice_captain,element_type_y,IsInCurrentTeam
0,1.0,Fábio Vieira,3.0,54.0,1.0,0.0,0.0,0.0,0.0,0.674219519816056,2.3572765524789334,0.0,0.0,,,,,,,N
1,2.0,G.Jesus,4.0,66.0,1.0,0.242,0.074,0.316,0.366,0.674219519816056,2.3572765524789334,0.744899390583343,0.2467643442526765,,,,,,,N
2,3.0,Gabriel,2.0,64.0,1.0,0.06000000000000001,0.09,0.15,0.7580000000000001,0.674219519816056,2.3572765524789334,0.35359148287184,0.5110583960205705,,,,,,,N
3,4.0,Havertz,4.0,78.0,1.0,0.336,0.024,0.36,0.396,0.674219519816056,2.3572765524789334,0.848619558892416,0.26699092984715816,,,,,,,N
4,6.0,J.Timber,2.0,56.0,1.0,0.008,0.04,0.048,0.454,0.674219519816056,2.3572765524789334,0.1131492745189888,0.30609566199648947,,,,,,,N
5,7.0,Jorginho,3.0,47.0,1.0,0.0,0.032,0.032,0.2700000000000001,0.674219519816056,2.3572765524789334,0.07543284967932587,0.18203927035033513,,,,,,,N
6,9.0,Martinelli,3.0,67.0,1.0,0.182,0.078,0.26,0.5479999999999999,0.674219519816056,2.3572765524789334,0.6128919036445227,0.36947229685919863,,,,,,,N
7,10.0,Nelson,3.0,50.0,9.0,0.0,0.0,0.0,0.0,0.7200909830687341,2.122161900346,0.0,0.0,,,,,,,N
8,11.0,Nketiah,4.0,59.0,7.0,0.038,0.0,0.038,0.072,0.6897420569824814,2.22726496573525,0.08463606869793949,0.04966142810273866,,,,,,,N
9,12.0,Nwaneri,3.0,45.0,1.0,0.030000000000000006,0.026000000000000002,0.05600000000000001,0.168,0.674219519816056,2.3572765524789334,0.13200748693882028,0.11326887932909742,,,,,,,N
10,13.0,Ødegaard,3.0,82.0,1.0,0.14,0.21000000000000002,0.35,0.48800000000000004,0.674219519816056,2.3572765524789334,0.8250467933676267,0.32901912567023534,,,,,,,N
11,14.0,Ramsdale,1.0,44.0,17.0,0.0,0.002,0.002,2.71,0.6736158620447158,2.0777840961858667,0.004155568192371733,1.82549898614118,,,,,,,N
12,15.0,Raya,1.0,56.0,1.0,0.0,0.0,0.0,0.7580000000000001,0.674219519816056,2.3572765524789334,0.0,0.5110583960205705,15.0,1.0,1.0,False,False,1.0,Y
13,16.0,Rice,3.0,62.0,1.0,0.05999999999999999,0.21800000000000003,0.27799999999999997,0.656,0.674219519816056,2.3572765524789334,0.6553228815891434,0.4422880049993328,,,,,,,N
14,17.0,Saka,3.0,102.0,1.0,0.0,0.0,0.0,0.0,0.674219519816056,2.3572765524789334,0.0,0.0,,,,,,,N
15,18.0,Saliba,2.0,62.0,1.0,0.0,0.026000000000000002,0.026000000000000002,0.55,0.674219519816056,2.3572765524789334,0.061289190364452274,0.37082073589883086,,,,,,,N
16,19.0,Smith Rowe,3.0,52.0,9.0,0.21600000000000003,0.030000000000000006,0.246,0.47800000000000004,0.7200909830687341,2.122161900346,0.522051827485116,0.34420348990685495,,,,,,,N
17,20.0,Thomas,3.0,50.0,1.0,0.052000000000000005,0.098,0.15,0.754,0.674219519816056,2.3572765524789334,0.35359148287184,0.5083615179413062,,,,,,,N
18,23.0,Trossard,3.0,68.0,1.0,0.142,0.20600000000000002,0.348,0.658,0.674219519816056,2.3572765524789334,0.8203322402626688,0.4436364440389648,,,,,,,N
19,27.0,Archer,4.0,50.0,17.0,0.0,0.030000000000000006,0.030000000000000006,0.8640000000000001,0.6736158620447158,2.0777840961858667,0.06233352288557601,0.5820041048066346,,,,,,,N
20,28.0,Bailey,3.0,62.0,2.0,0.13599999999999998,0.07999999999999999,0.21600000000000003,0.33599999999999997,0.6942320720647169,2.3024477963645,0.49732872401473205,0.23326197621374486,,,,,,,N
21,29.0,Barkley,3.0,52.0,2.0,0.03,0.008,0.038,0.196,0.6942320720647169,2.3024477963645,0.087493016261851,0.13606948612468453,,,,,,,N
22,30.0,Barrenechea,3.0,49.0,2.0,0.0,0.0,0.0,0.0,0.6942320720647169,2.3024477963645,0.0,0.0,,,,,,,N
23,31.0,Buendia,3.0,51.0,2.0,0.10800000000000001,0.0,0.10800000000000001,0.11800000000000002,0.6942320720647169,2.3024477963645,0.24866436200736602,0.08191938450363662,,,,,,,N
24,32.0,Cash,2.0,44.0,2.0,0.018,0.06599999999999999,0.084,1.074,0.6942320720647169,2.3024477963645,0.19340561489461802,0.7456052453975061,,,,,,,N
25,33.0,Dendoncker,3.0,45.0,2.0,0.0,0.0,0.0,0.0,0.6942320720647169,2.3024477963645,0.0,0.0,,,,,,,N
26,34.0,Diaby,3.0,65.0,2.0,0.0,0.0,0.0,0.0,0.6942320720647169,2.3024477963645,0.0,0.0,,,,,,,N
27,36.0,Digne,2.0,46.0,2.0,0.028000000000000004,0.10200000000000001,0.13,1.166,0.6942320720647169,2.3024477963645,0.299318213527385,0.8094745960274599,,,,,,,N
28,37.0,Dobbin,3.0,50.0,2.0,0.0,0.0,0.0,0.0,0.6942320720647169,2.3024477963645,0.0,0.0,,,,,,,N
29,38.0,Duran,4.0,58.0,2.0,0.0,0.002,0.002,0.13999999999999999,0.6942320720647169,2.3024477963645,0.004604895592729,0.09719249008906036,,,,,,,N
30,41.0,Iling Jr,3.0,54.0,2.0,0.0,0.0,0.0,0.0,0.6942320720647169,2.3024477963645,0.0,0.0,,,,,,,N
31,42.0,Kamara,3.0,50.0,2.0,0.026000000000000002,0.026000000000000002,0.052000000000000005,1.24,0.6942320720647169,2.3024477963645,0.11972728541095401,0.860847769360249,,,,,,,N
32,44.0,Konsa,2.0,44.0,2.0,0.0,0.008,0.008,1.3539999999999999,0.6942320720647169,2.3024477963645,0.018419582370916,0.9399902255756266,,,,,,,N
33,47.0,Martinez,1.0,50.0,2.0,0.0,0.0,0.0,1.3539999999999999,0.6942320720647169,2.3024477963645,0.0,0.9399902255756266,,,,,,,N
34,48.0,McGinn,3.0,52.0,2.0,0.0,0.022,0.022,0.724,0.6942320720647169,2.3024477963645,0.050653851520019,0.5026240201748551,,,,,,,N
35,49.0,Mings,2.0,44.0,2.0,0.01,0.01,0.02,0.74,0.6942320720647169,2.3024477963645,0.046048955927290004,0.5137317333278906,,,,,,,N
36,53.0,Ramsey,3.0,54.0,2.0,0.064,0.06400000000000002,0.128,0.54,0.6942320720647169,2.3024477963645,0.294713317934656,0.37488531891494714,,,,,,,N
37,54.0,Rogers,3.0,56.0,2.0,0.038,0.052000000000000005,0.09,1.218,0.6942320720647169,2.3024477963645,0.207220301672805,0.8455746637748252,,,,,,,N
38,57.0,Tielemans,3.0,55.0,2.0,0.144,0.024,0.168,0.9019999999999999,0.6942320720647169,2.3024477963645,0.38681122978923604,0.6261973290023746,,,,,,,N
39,58.0,Watkins,4.0,89.0,2.0,0.52,0.054000000000000006,0.5740000000000001,1.1119999999999999,0.6942320720647169,2.3024477963645,1.3216050351132231,0.7719860641359652,58.0,10.0,1.0,False,False,4.0,Y
40,60.0,Adams,3.0,49.0,3.0,0.0,0.014000000000000002,0.014000000000000002,0.728,0.6532904972969671,2.3514996188373334,0.032920994663722676,0.4755954820321921,,,,,,,N
41,61.0,Anthony,3.0,45.0,3.0,0.0,0.0,0.0,0.0,0.6532904972969671,2.3514996188373334,0.0,0.0,,,,,,,N
42,62.0,Brooks,3.0,49.0,3.0,0.20600000000000002,0.11400000000000002,0.32,0.65,0.6532904972969671,2.3514996188373334,0.7524798780279467,0.42463882324302865,,,,,,,N
43,63.0,Christie,3.0,49.0,3.0,0.15,0.041999999999999996,0.192,1.1119999999999999,0.6532904972969671,2.3514996188373334,0.4514879268167681,0.7264590329942275,,,,,,,N
44,64.0,Cook,3.0,50.0,3.0,0.008,0.16799999999999998,0.176,1.1119999999999999,0.6532904972969671,2.3514996188373334,0.41386393291537066,0.7264590329942275,,,,,,,N
45,65.0,Enes Ünal,4.0,54.0,3.0,0.094,0.024,0.11800000000000001,0.13999999999999999,0.6532904972969671,2.3514996188373334,0.2774769550228053,0.0914606696215754,,,,,,,N
46,66.0,Faivre,3.0,50.0,3.0,0.0,0.0,0.0,0.0,0.6532904972969671,2.3514996188373334,0.0,0.0,,,,,,,N
47,67.0,H.Traorè,3.0,45.0,3.0,0.0,0.0,0.0,0.0,0.6532904972969671,2.3514996188373334,0.0,0.0,,,,,,,N
48,69.0,Jebbison,4.0,45.0,3.0,0.041999999999999996,0.022,0.064,0.13,0.6532904972969671,2.3514996188373334,0.15049597560558933,0.08492776464860574,,,,,,,N
49,70.0,Kerkez,2.0,49.0,3.0,0.024,0.076,0.1,1.1119999999999999,0.6532904972969671,2.3514996188373334,0.23514996188373335,0.7264590329942275,,,,,,,N
50,71.0,Kluivert,3.0,57.0,3.0,0.362,0.05600000000000001,0.418,0.7060000000000001,0.6532904972969671,2.3514996188373334,0.9829268406740054,0.4612230910916589,,,,,,,N
51,74.0,O.Dango,3.0,50.0,3.0,0.288,0.12399999999999999,0.41200000000000003,0.9919999999999999,0.6532904972969671,2.3514996188373334,0.9688178429609814,0.6480641733185915,,,,,,,N
52,76.0,Philip,3.0,48.0,3.0,0.044,0.012,0.05600000000000001,0.18400000000000002,0.6532904972969671,2.3514996188373334,0.1316839786548907,0.12020545150264199,,,,,,,N
53,77.0,Scott,3.0,47.0,3.0,0.0,0.0,0.0,0.0,0.6532904972969671,2.3514996188373334,0.0,0.0,,,,,,,N
54,78.0,Semenyo,3.0,56.0,3.0,0.262,0.11999999999999998,0.382,1.1119999999999999,0.6532904972969671,2.3514996188373334,0.8982728543958614,0.7264590329942275,78.0,5.0,1.0,False,False,3.0,Y
55,80.0,Sinisterra,3.0,48.0,3.0,0.0,0.0,0.0,0.0,0.6532904972969671,2.3514996188373334,0.0,0.0,,,,,,,N
56,82.0,Solanke,4.0,74.0,18.0,0.198,0.042,0.24,1.164,0.6529769907988027,2.37880144445075,0.57091234666818,0.7600652172898062,,,,,,,N
57,83.0,Tavernier,3.0,54.0,3.0,0.0,0.0,0.0,0.0,0.6532904972969671,2.3514996188373334,0.0,0.0,,,,,,,N
58,85.0,Zabarnyi,2.0,44.0,3.0,0.078,0.042,0.11999999999999998,1.1119999999999999,0.6532904972969671,2.3514996188373334,0.28217995426048,0.7264590329942275,,,,,,,N
59,87.0,Brierley,3.0,44.0,4.0,0.0,0.0,0.0,0.0,0.5737767697702798,2.210431591652,0.0,0.0,,,,,,,N
60,88.0,Collins,2.0,45.0,4.0,0.044,0.006,0.05,1.832,0.5737767697702798,2.210431591652,0.1105215795826,1.0511590422191528,,,,,,,N
61,89.0,Damsgaard,3.0,50.0,4.0,0.054000000000000006,0.162,0.21600000000000003,1.6600000000000001,0.5737767697702798,2.210431591652,0.477453223796832,0.9524694378186646,,,,,,,N
62,90.0,Dasilva,3.0,48.0,4.0,0.0,0.0,0.0,0.0,0.5737767697702798,2.210431591652,0.0,0.0,,,,,,,N
63,91.0,Flekken,1.0,44.0,4.0,0.0,0.002,0.002,1.7060000000000002,0.5737767697702798,2.210431591652,0.004420863183304,0.9788631692280975,,,,,,,N
64,94.0,Janelt,3.0,49.0,4.0,0.014000000000000002,0.054000000000000006,0.06799999999999999,1.436,0.5737767697702798,2.210431591652,0.150309348232336,0.8239434413901218,,,,,,,N
65,95.0,Jensen,3.0,53.0,4.0,0.0,0.1,0.1,0.534,0.5737767697702798,2.210431591652,0.2210431591652,0.3063967950573294,,,,,,,N
66,97.0,Konak,3.0,44.0,4.0,0.0,0.0,0.0,0.0,0.5737767697702798,2.210431591652,0.0,0.0,,,,,,,N
67,98.0,Lewis-Potter,3.0,50.0,4.0,0.236,0.21800000000000003,0.454,1.832,0.5737767697702798,2.210431591652,1.0035359426100081,1.0511590422191528,,,,,,,N
68,99.0,Mbeumo,3.0,78.0,4.0,0.386,0.21200000000000002,0.5980000000000001,1.832,0.5737767697702798,2.210431591652,1.3218380918078962,1.0511590422191528,,,,,,,N
69,101.0,Nørgaard,3.0,48.0,4.0,0.10800000000000001,0.024,0.13199999999999998,1.768,0.5737767697702798,2.210431591652,0.29177697009806397,1.0144373289538546,,,,,,,N
70,102.0,Onyeka,3.0,49.0,4.0,0.0,0.0,0.0,0.0,0.5737767697702798,2.210431591652,0.0,0.0,,,,,,,N
71,103.0,Peart-Harris,3.0,45.0,4.0,0.0,0.0,0.0,0.0,0.5737767697702798,2.210431591652,0.0,0.0,,,,,,,N
72,105.0,Roerslev,2.0,43.0,4.0,0.032,0.244,0.27599999999999997,1.78,0.5737767697702798,2.210431591652,0.6100791192959519,1.0213226501910981,,,,,,,N
73,106.0,Schade,3.0,51.0,4.0,0.11600000000000002,0.032,0.148,0.7060000000000001,0.5737767697702798,2.210431591652,0.327143875564496,0.4050863994578176,,,,,,,N
74,107.0,Thiago,4.0,59.0,4.0,0.0,0.0,0.0,0.0,0.5737767697702798,2.210431591652,0.0,0.0,,,,,,,N
75,108.0,Toney,4.0,73.0,4.0,0.0,0.0,0.0,0.0,0.5737767697702798,2.210431591652,0.0,0.0,,,,,,,N
76,110.0,Wissa,4.0,63.0,4.0,0.752,0.06200000000000001,0.8140000000000001,1.832,0.5737767697702798,2.210431591652,1.799291315604728,1.0511590422191528,,,,,,,N
77,111.0,Yarmoliuk,3.0,44.0,4.0,0.030000000000000006,0.014000000000000002,0.044,1.224,0.5737767697702798,2.210431591652,0.097258990032688,0.7023027661988225,,,,,,,N
78,113.0,Adingra,3.0,52.0,5.0,0.164,0.066,0.22999999999999998,0.57,0.6971128791053882,2.2839596766701336,0.5253107256341306,0.39735434109007123,,,,,,,N
79,114.0,Baker-Boaitey,3.0,45.0,5.0,0.0,0.0,0.0,0.0,0.6971128791053882,2.2839596766701336,0.0,0.0,,,,,,,N
80,115.0,Baleba,3.0,50.0,5.0,0.032,0.02,0.052000000000000005,1.052,0.6971128791053882,2.2839596766701336,0.11876590318684695,0.7333627488188684,,,,,,,N
81,117.0,Buonanotte,3.0,47.0,11.0,0.016,0.1,0.11600000000000002,0.828,0.6967725641072132,2.273216266158,0.263693086874328,0.5769276830807726,,,,,,,N
82,118.0,Cozier-Duberry,3.0,45.0,5.0,0.0,0.0,0.0,0.0,0.6971128791053882,2.2839596766701336,0.0,0.0,,,,,,,N
83,119.0,Dahoud,3.0,49.0,5.0,0.0,0.0,0.0,0.0,0.6971128791053882,2.2839596766701336,0.0,0.0,,,,,,,N
84,120.0,Dunk,2.0,43.0,5.0,0.004,0.014000000000000002,0.018000000000000002,0.838,0.6971128791053882,2.2839596766701336,0.041111274180062406,0.5841805926903153,,,,,,,N
85,121.0,Enciso,3.0,54.0,10.0,0.11800000000000002,0.01,0.128,0.4699999999999999,0.5803817699756675,2.4014013125693334,0.3073793680088747,0.2727794318885637,,,,,,,N
86,122.0,Estupiñan,2.0,50.0,5.0,0.012,0.026000000000000002,0.038,0.702,0.6971128791053882,2.2839596766701336,0.08679046771346506,0.4893732411319825,,,,,,,N
87,123.0,Ferguson,4.0,55.0,5.0,0.0,0.0,0.0,0.0,0.6971128791053882,2.2839596766701336,0.0,0.0,,,,,,,N
88,124.0,Gilmour,3.0,50.0,5.0,0.0,0.0,0.0,0.0,0.6971128791053882,2.2839596766701336,0.0,0.0,,,,,,,N
89,125.0,Gross,3.0,65.0,5.0,0.0,0.0,0.0,0.0,0.6971128791053882,2.2839596766701336,0.0,0.0,,,,,,,N
90,126.0,Hinshelwood,3.0,49.0,5.0,0.0,0.0,0.0,0.0,0.6971128791053882,2.2839596766701336,0.0,0.0,,,,,,,N
91,127.0,I.Osman,3.0,50.0,5.0,0.0,0.0,0.0,0.0,0.6971128791053882,2.2839596766701336,0.0,0.0,,,,,,,N
92,129.0,João Pedro,4.0,56.0,5.0,0.254,0.06199999999999999,0.31599999999999995,1.072,0.6971128791053882,2.2839596766701336,0.721731257827762,0.7473050064009763,,,,,,,N
93,130.0,Kozlowski,3.0,45.0,5.0,0.0,0.0,0.0,0.0,0.6971128791053882,2.2839596766701336,0.0,0.0,,,,,,,N
94,132.0,March,3.0,65.0,5.0,0.014000000000000002,0.004,0.018000000000000002,0.076,0.6971128791053882,2.2839596766701336,0.041111274180062406,0.0529805788120095,,,,,,,N
95,133.0,Mazilu,3.0,45.0,5.0,0.0,0.0,0.0,0.0,0.6971128791053882,2.2839596766701336,0.0,0.0,,,,,,,N
96,134.0,Milner,3.0,50.0,5.0,0.0,0.0,0.0,0.0,0.6971128791053882,2.2839596766701336,0.0,0.0,,,,,,,N
97,135.0,Minteh,3.0,50.0,5.0,0.156,0.184,0.33999999999999997,0.406,0.6971128791053882,2.2839596766701336,0.7765462900678453,0.2830278289167876,,,,,,,N
98,136.0,Mitoma,3.0,63.0,5.0,0.20800000000000002,0.142,0.35,0.5599999999999999,0.6971128791053882,2.2839596766701336,0.7993858868345466,0.3903832122990174,136.0,8.0,1.0,False,False,3.0,Y
99,137.0,Moder,3.0,44.0,5.0,0.0,0.10600000000000001,0.10600000000000001,0.02,0.6971128791053882,2.2839596766701336,0.24209972572703417,0.013942257582107764,,,,,,,N
100,138.0,O’Mahony,4.0,45.0,5.0,0.0,0.0,0.0,0.0,0.6971128791053882,2.2839596766701336,0.0,0.0,,,,,,,N
101,140.0,Peupion,3.0,44.0,5.0,0.0,0.0,0.0,0.0,0.6971128791053882,2.2839596766701336,0.0,0.0,,,,,,,N
102,141.0,Sarmiento,3.0,49.0,5.0,0.0,0.0,0.0,0.0,0.6971128791053882,2.2839596766701336,0.0,0.0,,,,,,,N
103,143.0,Undav,4.0,55.0,5.0,0.0,0.0,0.0,0.0,0.6971128791053882,2.2839596766701336,0.0,0.0,,,,,,,N
104,144.0,Van Hecke,2.0,45.0,5.0,0.036000000000000004,0.034,0.06999999999999999,1.072,0.6971128791053882,2.2839596766701336,0.15987717736690932,0.7473050064009763,,,,,,,N
105,145.0,Veltman,2.0,44.0,5.0,0.012,0.016,0.027999999999999994,0.716,0.6971128791053882,2.2839596766701336,0.06395087094676373,0.499132821439458,,,,,,,N
106,146.0,Verbruggen,1.0,45.0,5.0,0.0,0.0,0.0,1.072,0.6971128791053882,2.2839596766701336,0.0,0.7473050064009763,,,,,,,N
107,148.0,Welbeck,4.0,55.0,5.0,0.05799999999999999,0.002,0.05999999999999999,0.21800000000000003,0.6971128791053882,2.2839596766701336,0.13703758060020801,0.15197060764497466,,,,,,,N
108,149.0,Wieffer,3.0,47.0,5.0,0.0,0.0,0.0,0.0,0.6971128791053882,2.2839596766701336,0.0,0.0,,,,,,,N
109,150.0,Andrey Santos,3.0,45.0,6.0,0.0,0.0,0.0,0.0,0.6155911502593543,2.3184758320984002,0.0,0.0,,,,,,,N
110,151.0,Ângelo,3.0,45.0,6.0,0.0,0.0,0.0,0.0,0.6155911502593543,2.3184758320984002,0.0,0.0,,,,,,,N
111,156.0,Broja,4.0,54.0,8.0,0.022000000000000002,0.006,0.028000000000000004,0.44400000000000006,0.7477012663914506,2.254612534826,0.06312915097512801,0.3319793622778041,,,,,,,N
112,157.0,Caicedo,3.0,49.0,6.0,0.032,0.032,0.064,1.262,0.6155911502593543,2.3184758320984002,0.14838245325429758,0.7768760316273051,,,,,,,N
113,158.0,Casadei,3.0,44.0,6.0,0.0,0.0,0.0,0.0,0.6155911502593543,2.3184758320984002,0.0,0.0,,,,,,,N
114,161.0,Chukwuemeka,3.0,47.0,6.0,0.0,0.0,0.0,0.0,0.6155911502593543,2.3184758320984002,0.0,0.0,,,,,,,N
115,162.0,Colwill,2.0,45.0,6.0,0.01,0.033999999999999996,0.044,1.124,0.6155911502593543,2.3184758320984002,0.1020129366123296,0.6919244528915144,,,,,,,N
116,163.0,Cucurella,2.0,51.0,6.0,0.258,0.05999999999999999,0.31799999999999995,1.296,0.6155911502593543,2.3184758320984002,0.7372753146072911,0.7978061307361233,,,,,,,N
117,164.0,D.D.Fofana,4.0,54.0,6.0,0.0,0.0,0.0,0.0,0.6155911502593543,2.3184758320984002,0.0,0.0,,,,,,,N
118,165.0,Deivid,4.0,49.0,6.0,0.0,0.0,0.0,0.0,0.6155911502593543,2.3184758320984002,0.0,0.0,,,,,,,N
119,166.0,Dewsbury-Hall,3.0,55.0,6.0,0.044,0.028000000000000004,0.072,0.126,0.6155911502593543,2.3184758320984002,0.1669302599110848,0.07756448493267865,,,,,,,N
120,168.0,Enzo,3.0,49.0,6.0,0.10400000000000001,0.228,0.332,1.124,0.6155911502593543,2.3184758320984002,0.7697339762566688,0.6919244528915144,,,,,,,N
121,169.0,Gallagher,3.0,59.0,6.0,0.0,0.0,0.0,0.0,0.6155911502593543,2.3184758320984002,0.0,0.0,,,,,,,N
122,173.0,Kellyman,3.0,43.0,6.0,0.0,0.0,0.0,0.0,0.6155911502593543,2.3184758320984002,0.0,0.0,,,,,,,N
123,174.0,Lavia,3.0,45.0,6.0,0.0,0.002,0.002,0.194,0.6155911502593543,2.3184758320984002,0.004636951664196799,0.11942468315031475,,,,,,,N
124,175.0,Lukaku,4.0,63.0,6.0,0.0,0.0,0.0,0.0,0.6155911502593543,2.3184758320984002,0.0,0.0,,,,,,,N
125,177.0,Madueke,3.0,61.0,6.0,0.30599999999999994,0.144,0.45,0.692,0.6155911502593543,2.3184758320984002,1.04331412444428,0.4259890759794731,,,,,,,N
126,178.0,Marc Guiu,4.0,47.0,6.0,0.0,0.0,0.0,0.08399999999999999,0.6155911502593543,2.3184758320984002,0.0,0.05170965662178576,,,,,,,N
127,179.0,Mudryk,3.0,62.0,6.0,0.0,0.0,0.0,0.0,0.6155911502593543,2.3184758320984002,0.0,0.0,,,,,,,N
128,180.0,N.Jackson,4.0,78.0,6.0,0.368,0.096,0.4639999999999999,0.6940000000000001,0.6155911502593543,2.3184758320984002,1.0757727860936577,0.4272202582799919,,,,,,,N
129,181.0,Nkunku,3.0,57.0,6.0,0.198,0.022,0.22000000000000003,0.5279999999999999,0.6155911502593543,2.3184758320984002,0.5100646830616481,0.3250321273369391,,,,,,,N
130,182.0,Palmer,3.0,113.0,6.0,0.312,0.372,0.6839999999999999,1.29,0.6155911502593543,2.3184758320984002,1.5858374691553054,0.7941125838345671,,,,,,,N
131,184.0,Renato Veiga,3.0,44.0,6.0,0.0,0.0,0.0,0.0,0.6155911502593543,2.3184758320984002,0.0,0.0,,,,,,,N
132,185.0,Sánchez,1.0,47.0,6.0,0.0,0.0,0.0,0.9800000000000001,0.6155911502593543,2.3184758320984002,0.0,0.6032793272541673,,,,,,,N
133,186.0,Sterling,3.0,67.0,1.0,0.074,0.01,0.084,0.10200000000000001,0.674219519816056,2.3572765524789334,0.1980112304082304,0.0687703910212377,,,,,,,N
134,188.0,Ugochukwu,3.0,44.0,17.0,0.02,0.018,0.038,2.118,0.6736158620447158,2.0777840961858667,0.07895579565506293,1.4267183958107081,,,,,,,N
135,190.0,Ahamada,3.0,45.0,7.0,0.0,0.0,0.0,0.0,0.6897420569824814,2.22726496573525,0.0,0.0,,,,,,,N
136,191.0,Andersen,2.0,42.0,9.0,0.0,0.016,0.016,1.222,0.7200909830687341,2.122161900346,0.033954590405536,0.8799511813099932,,,,,,,N
137,192.0,J.Ayew,3.0,52.0,11.0,0.10600000000000001,0.074,0.18,0.9119999999999999,0.6967725641072132,2.273216266158,0.40917892790844,0.6354565784657784,,,,,,,N
138,193.0,C.Doucouré,3.0,49.0,7.0,0.004,0.014000000000000002,0.018,0.426,0.6897420569824814,2.22726496573525,0.0400907693832345,0.29383011627453703,,,,,,,N
139,194.0,C.Richards,2.0,44.0,7.0,0.018,0.004,0.022,0.8320000000000001,0.6897420569824814,2.22726496573525,0.0489998292461755,0.5738653914094246,,,,,,,N
140,197.0,Ebiowei,3.0,45.0,7.0,0.0,0.0,0.0,0.0,0.6897420569824814,2.22726496573525,0.0,0.0,,,,,,,N
141,198.0,Edouard,4.0,51.0,11.0,0.0,0.0,0.0,0.0,0.6967725641072132,2.273216266158,0.0,0.0,,,,,,,N
142,199.0,Eze,3.0,67.0,7.0,0.23000000000000004,0.186,0.41600000000000004,1.056,0.6897420569824814,2.22726496573525,0.9265422257458641,0.7283676121735003,,,,,,,N
143,200.0,Guéhi,2.0,46.0,7.0,0.036,0.006,0.042,0.938,0.6897420569824814,2.22726496573525,0.0935451285608805,0.6469780494495675,,,,,,,N
144,201.0,Henderson,1.0,45.0,7.0,0.0,0.002,0.002,1.126,0.6897420569824814,2.22726496573525,0.0044545299314705,0.7766495561622739,,,,,,,N
145,203.0,Hughes,3.0,49.0,7.0,0.016,0.06999999999999999,0.086,0.694,0.6897420569824814,2.22726496573525,0.1915447870532315,0.47868098754584204,,,,,,,N
146,205.0,Kamada,3.0,51.0,7.0,0.024,0.02,0.044,0.25,0.6897420569824814,2.22726496573525,0.097999658492351,0.17243551424562034,,,,,,,N
147,206.0,Lerma,3.0,48.0,7.0,0.04,0.044,0.084,0.8959999999999999,0.6897420569824814,2.22726496573525,0.187090257121761,0.6180088830563033,,,,,,,N
148,207.0,Mateta,4.0,74.0,7.0,0.562,0.092,0.654,1.066,0.6897420569824814,2.22726496573525,1.4566312875908536,0.7352650327433252,,,,,,,N
149,208.0,M.França,3.0,44.0,7.0,0.0,0.0,0.0,0.0,0.6897420569824814,2.22726496573525,0.0,0.0,,,,,,,N
150,210.0,Mitchell,2.0,48.0,7.0,0.04,0.15,0.19,1.076,0.6897420569824814,2.22726496573525,0.4231803434896975,0.74216245331315,,,,,,,N
151,211.0,Muñoz,2.0,48.0,7.0,0.126,0.11599999999999999,0.242,1.126,0.6897420569824814,2.22726496573525,0.5389981217079305,0.7766495561622739,,,,,,,N
152,212.0,Ozoh,3.0,45.0,7.0,0.0,0.0,0.0,0.0,0.6897420569824814,2.22726496573525,0.0,0.0,,,,,,,N
153,213.0,Rak-Sakyi,3.0,45.0,7.0,0.0,0.0,0.0,0.0,0.6897420569824814,2.22726496573525,0.0,0.0,,,,,,,N
154,214.0,Schlupp,3.0,46.0,7.0,0.0,0.012,0.012,0.0,0.6897420569824814,2.22726496573525,0.026727179588823,0.0,,,,,,,N
155,216.0,Wharton,3.0,47.0,7.0,0.0,0.0,0.0,0.0,0.6897420569824814,2.22726496573525,0.0,0.0,,,,,,,N
156,217.0,A.Doucoure,3.0,51.0,8.0,0.06799999999999999,0.02,0.088,1.548,0.7477012663914506,2.254612534826,0.198405903064688,1.1574415603739656,,,,,,,N
157,218.0,Beto,4.0,49.0,8.0,0.008,0.0,0.008,0.098,0.7477012663914506,2.254612534826,0.018036900278608,0.07327472410636217,,,,,,,N
158,219.0,Branthwaite,2.0,48.0,8.0,0.05600000000000001,0.024,0.08,1.548,0.7477012663914506,2.254612534826,0.18036900278608,1.1574415603739656,,,,,,,N
159,220.0,Calvert-Lewin,4.0,54.0,8.0,0.346,0.02,0.366,1.1039999999999999,0.7477012663914506,2.254612534826,0.825188187746316,0.8254621980961614,,,,,,,N
160,222.0,Gana,3.0,48.0,8.0,0.018,0.046,0.064,1.45,0.7477012663914506,2.254612534826,0.144295202228864,1.0841668362676034,,,,,,,N
161,223.0,Garner,3.0,49.0,8.0,0.0,0.0,0.0,0.0,0.7477012663914506,2.254612534826,0.0,0.0,,,,,,,N
162,224.0,Harrison,3.0,52.0,8.0,0.016,0.10200000000000001,0.11800000000000002,0.744,0.7477012663914506,2.254612534826,0.26604427910946804,0.5562897421952393,,,,,,,N
163,226.0,Iroegbunam,3.0,43.0,8.0,0.0,0.0,0.0,0.0,0.7477012663914506,2.254612534826,0.0,0.0,,,,,,,N
164,229.0,Maupay,4.0,49.0,8.0,0.0,0.0,0.0,0.0,0.7477012663914506,2.254612534826,0.0,0.0,,,,,,,N
165,230.0,McNeil,3.0,51.0,8.0,0.0,0.0,0.0,0.0,0.7477012663914506,2.254612534826,0.0,0.0,,,,,,,N
166,231.0,Mykolenko,2.0,44.0,8.0,0.022,0.06,0.082,1.548,0.7477012663914506,2.254612534826,0.18487822785573202,1.1574415603739656,,,,,,,N
167,232.0,Ndiaye,4.0,54.0,8.0,0.192,0.028000000000000004,0.22000000000000003,1.454,0.7477012663914506,2.254612534826,0.4960147576617201,1.0871576413331692,,,,,,,N
168,233.0,Onana,3.0,48.0,2.0,0.01,0.006,0.016,0.942,0.6942320720647169,2.3024477963645,0.036839164741832,0.6539666118849633,,,,,,,N
169,235.0,Pickford,1.0,50.0,8.0,0.0,0.01,0.01,1.548,0.7477012663914506,2.254612534826,0.02254612534826,1.1574415603739656,,,,,,,N
170,236.0,Tarkowski,2.0,48.0,8.0,0.038,0.10600000000000001,0.14400000000000002,1.548,0.7477012663914506,2.254612534826,0.32466420501494403,1.1574415603739656,,,,,,,N
171,237.0,Y. Chermiti,4.0,49.0,8.0,0.0,0.0,0.0,0.0,0.7477012663914506,2.254612534826,0.0,0.0,,,,,,,N
172,239.0,Adama,3.0,47.0,9.0,0.06799999999999999,0.036,0.10400000000000001,0.26399999999999996,0.7200909830687341,2.122161900346,0.22070483763598403,0.19010401953014577,,,,,,,N
173,240.0,Andreas,3.0,50.0,9.0,0.041999999999999996,0.022,0.064,0.7979999999999999,0.7200909830687341,2.122161900346,0.135818361622144,0.5746326044888498,,,,,,,N
174,241.0,Bassey,2.0,45.0,9.0,0.07999999999999999,0.016,0.096,1.222,0.7200909830687341,2.122161900346,0.203727542433216,0.8799511813099932,,,,,,,N
175,243.0,Cairney,3.0,48.0,9.0,0.016,0.041999999999999996,0.057999999999999996,0.344,0.7200909830687341,2.122161900346,0.123085390220068,0.24771129817564452,,,,,,,N
176,244.0,Castagne,2.0,42.0,9.0,0.012,0.024,0.036,1.222,0.7200909830687341,2.122161900346,0.076397828412456,0.8799511813099932,,,,,,,N
177,246.0,Harris,3.0,45.0,9.0,0.0,0.0,0.0,0.0,0.7200909830687341,2.122161900346,0.0,0.0,,,,,,,N
178,247.0,Iwobi,3.0,59.0,9.0,0.11800000000000002,0.28800000000000003,0.40599999999999997,0.9019999999999999,0.7200909830687341,2.122161900346,0.8615977315404759,0.6495220667279982,,,,,,,N
179,248.0,Leno,1.0,50.0,9.0,0.0,0.0,0.0,1.222,0.7200909830687341,2.122161900346,0.0,0.8799511813099932,,,,,,,N
180,249.0,Lukić,3.0,48.0,9.0,0.128,0.05800000000000001,0.186,1.188,0.7200909830687341,2.122161900346,0.394722113464356,0.8554680878856561,,,,,,,N
181,251.0,Muniz,4.0,55.0,9.0,0.16799999999999998,0.002,0.16999999999999998,0.438,0.7200909830687341,2.122161900346,0.36076752305882,0.3153998505841055,,,,,,,N
182,252.0,Raúl,4.0,57.0,9.0,0.61,0.036,0.646,1.01,0.7200909830687341,2.122161900346,1.370916587623516,0.7272918928994215,252.0,9.0,1.0,False,False,4.0,Y
183,254.0,Reed,3.0,47.0,9.0,0.0,0.0,0.0,0.0,0.7200909830687341,2.122161900346,0.0,0.0,,,,,,,N
184,255.0,Robinson,2.0,51.0,9.0,0.06999999999999999,0.13,0.2,1.222,0.7200909830687341,2.122161900346,0.42443238006920003,0.8799511813099932,255.0,2.0,1.0,False,False,2.0,Y
185,256.0,Stansfield,4.0,50.0,9.0,0.0,0.0,0.0,0.0,0.7200909830687341,2.122161900346,0.0,0.0,,,,,,,N
186,258.0,Vinicius,4.0,50.0,9.0,0.0,0.0,0.0,0.0,0.7200909830687341,2.122161900346,0.0,0.0,,,,,,,N
187,259.0,Wilson,3.0,52.0,9.0,0.292,0.136,0.42800000000000005,1.034,0.7200909830687341,2.122161900346,0.908285293348088,0.7445740764930712,,,,,,,N
188,260.0,Al-Hamadi,4.0,47.0,10.0,0.0,0.0,0.0,0.162,0.5803817699756675,2.4014013125693334,0.0,0.09402184673605814,,,,,,,N
189,262.0,Broadhead,3.0,49.0,10.0,0.13199999999999998,0.148,0.28,0.844,0.5803817699756675,2.4014013125693334,0.6723923675194133,0.4898422138594633,,,,,,,N
190,264.0,Burns,3.0,48.0,10.0,0.028000000000000004,0.006,0.034,0.722,0.5803817699756675,2.4014013125693334,0.08164764462735734,0.4190356379224319,,,,,,,N
191,265.0,Chaplin,3.0,51.0,10.0,0.0,0.0,0.0,0.0,0.5803817699756675,2.4014013125693334,0.0,0.0,,,,,,,N
192,267.0,Davis,2.0,44.0,10.0,0.02,0.054000000000000006,0.074,2.036,0.5803817699756675,2.4014013125693334,0.17770369713013065,1.1816572836704589,,,,,,,N
193,268.0,Delap,4.0,56.0,10.0,0.39,0.016,0.406,1.846,0.5803817699756675,2.4014013125693334,0.9749689329031493,1.0713847473750822,,,,,,,N
194,270.0,Greaves,2.0,39.0,10.0,0.0,0.004,0.004,1.4300000000000002,0.5803817699756675,2.4014013125693334,0.009605605250277335,0.8299459310652045,,,,,,,N
195,271.0,Harness,3.0,49.0,10.0,0.0,0.0,0.0,0.0,0.5803817699756675,2.4014013125693334,0.0,0.0,,,,,,,N
196,272.0,Hirst,4.0,54.0,10.0,0.0,0.0,0.0,0.029999999999999995,0.5803817699756675,2.4014013125693334,0.0,0.017411453099270023,,,,,,,N
197,273.0,Humphreys,3.0,45.0,10.0,0.0,0.0,0.0,0.0,0.5803817699756675,2.4014013125693334,0.0,0.0,,,,,,,N
198,274.0,Hutchinson,3.0,52.0,10.0,0.05,0.028000000000000004,0.078,1.558,0.5803817699756675,2.4014013125693334,0.18730930238040802,0.9042347976220899,,,,,,,N
199,276.0,Ladapo,4.0,45.0,10.0,0.0,0.0,0.0,0.0,0.5803817699756675,2.4014013125693334,0.0,0.0,,,,,,,N
200,277.0,Luongo,3.0,44.0,10.0,0.0,0.002,0.002,0.13,0.5803817699756675,2.4014013125693334,0.0048028026251386675,0.07544963009683678,,,,,,,N
201,278.0,Morsy,3.0,49.0,10.0,0.004,0.01,0.014000000000000002,1.48,0.5803817699756675,2.4014013125693334,0.033619618375970675,0.8589650195639877,,,,,,,N
202,281.0,Taylor,3.0,48.0,10.0,0.004,0.002,0.006,0.228,0.5803817699756675,2.4014013125693334,0.014408407875416,0.13232704355445218,,,,,,,N
203,283.0,Walton,1.0,43.0,10.0,0.0,0.0,0.0,1.6480000000000001,0.5803817699756675,2.4014013125693334,0.0,0.9564691569199,,,,,,,N
204,284.0,Woolfenden,2.0,40.0,10.0,0.0,0.002,0.002,1.4300000000000002,0.5803817699756675,2.4014013125693334,0.0048028026251386675,0.8299459310652045,,,,,,,N
205,285.0,B.Soumaré,3.0,44.0,11.0,0.022,0.028000000000000004,0.05,1.75,0.6967725641072132,2.273216266158,0.11366081330790001,1.219351987187623,,,,,,,N
206,286.0,Cannon,4.0,45.0,11.0,0.0,0.0,0.0,0.0,0.6967725641072132,2.273216266158,0.0,0.0,,,,,,,N
207,287.0,Choudhury,3.0,43.0,11.0,0.0,0.0,0.0,0.064,0.6967725641072132,2.273216266158,0.0,0.044593444102861646,,,,,,,N
208,289.0,Daka,4.0,48.0,11.0,0.05,0.006,0.05600000000000001,0.704,0.6967725641072132,2.273216266158,0.12730011090484802,0.4905278851314781,,,,,,,N
209,290.0,De Cordova-Reid,3.0,52.0,11.0,0.0,0.0,0.0,0.0,0.6967725641072132,2.273216266158,0.0,0.0,,,,,,,N
210,292.0,Golding,3.0,44.0,11.0,0.0,0.0,0.0,0.0,0.6967725641072132,2.273216266158,0.0,0.0,,,,,,,N
211,295.0,Justin,2.0,42.0,11.0,0.118,0.02,0.13799999999999998,1.652,0.6967725641072132,2.273216266158,0.31370384472980395,1.1510682759051163,,,,,,,N
212,296.0,Kristiansen,2.0,45.0,11.0,0.016,0.1,0.11600000000000002,1.438,0.6967725641072132,2.273216266158,0.263693086874328,1.0019589471861725,,,,,,,N
213,297.0,Marcal,3.0,45.0,11.0,0.0,0.0,0.0,0.0,0.6967725641072132,2.273216266158,0.0,0.0,,,,,,,N
214,298.0,Mavididi,3.0,51.0,11.0,0.086,0.16799999999999998,0.254,1.668,0.6967725641072132,2.273216266158,0.577396931604132,1.1622166369308315,,,,,,,N
215,299.0,McAteer,3.0,47.0,11.0,0.0,0.024,0.024,0.192,0.6967725641072132,2.273216266158,0.054557190387792005,0.13378033230858494,,,,,,,N
216,300.0,Ndidi,3.0,49.0,11.0,0.0,0.0,0.0,0.0,0.6967725641072132,2.273216266158,0.0,0.0,,,,,,,N
217,304.0,Stolarczyk,1.0,40.0,11.0,0.0,0.0,0.0,1.75,0.6967725641072132,2.273216266158,0.0,1.219351987187623,,,,,,,N
218,306.0,Vardy,4.0,54.0,11.0,0.38,0.10600000000000001,0.48599999999999993,1.3679999999999999,0.6967725641072132,2.273216266158,1.104783105352788,0.9531848676986676,,,,,,,N
219,307.0,Vestergaard,2.0,39.0,11.0,0.006,0.006,0.012,1.518,0.6967725641072132,2.273216266158,0.027278595193896003,1.0577007523147497,,,,,,,N
220,309.0,Winks,3.0,44.0,11.0,0.01,0.018,0.028000000000000004,1.53,0.6967725641072132,2.273216266158,0.06365005545242401,1.0660620230840363,,,,,,,N
221,310.0,A.Becker,1.0,55.0,12.0,0.0,0.0,0.0,0.556,0.6247811632412176,2.23617794387575,0.0,0.347378326762117,,,,,,,N
222,311.0,Alexander-Arnold,2.0,73.0,12.0,0.068,0.33399999999999996,0.402,0.4800000000000001,0.6247811632412176,2.23617794387575,0.8989435334380516,0.2998949583557845,,,,,,,N
223,312.0,Bajcetic,3.0,45.0,12.0,0.0,0.0,0.0,0.0,0.6247811632412176,2.23617794387575,0.0,0.0,,,,,,,N
224,314.0,Carvalho,3.0,46.0,4.0,0.0,0.0,0.0,0.0,0.5737767697702798,2.210431591652,0.0,0.0,,,,,,,N
225,315.0,Clark,3.0,45.0,12.0,0.0,0.0,0.0,0.0,0.6247811632412176,2.23617794387575,0.0,0.0,,,,,,,N
226,316.0,Darwin,4.0,70.0,12.0,0.22000000000000003,0.006,0.22599999999999998,0.22600000000000003,0.6247811632412176,2.23617794387575,0.5053762153159195,0.14120054289251519,,,,,,,N
227,317.0,Diogo J.,3.0,72.0,12.0,0.328,0.018,0.346,0.15,0.6247811632412176,2.23617794387575,0.7737175685810095,0.09371717448618264,,,,,,,N
228,318.0,Doak,3.0,45.0,12.0,0.0,0.0,0.0,0.0,0.6247811632412176,2.23617794387575,0.0,0.0,,,,,,,N
229,319.0,Elliott,3.0,52.0,12.0,0.0,0.048,0.048,0.13999999999999999,0.6247811632412176,2.23617794387575,0.10733654130603601,0.08746936285377045,,,,,,,N
230,320.0,Endo,3.0,46.0,12.0,0.0,0.004,0.004,0.048,0.6247811632412176,2.23617794387575,0.008944711775503,0.029989495835578445,,,,,,,N
231,321.0,Gakpo,4.0,76.0,12.0,0.27999999999999997,0.344,0.624,0.43200000000000005,0.6247811632412176,2.23617794387575,1.3953750369784679,0.26990546252020603,,,,,,,N
232,323.0,Gravenberch,3.0,50.0,12.0,0.04,0.178,0.21799999999999997,0.508,0.6247811632412176,2.23617794387575,0.48748679176491344,0.3173888309265385,,,,,,,N
233,324.0,Jones,3.0,53.0,12.0,0.198,0.048,0.246,0.21800000000000003,0.6247811632412176,2.23617794387575,0.5500997741934345,0.13620229358658545,,,,,,,N
234,327.0,Luis Díaz,3.0,75.0,12.0,0.27,0.064,0.33399999999999996,0.332,0.6247811632412176,2.23617794387575,0.7468834332545005,0.20742734619608424,,,,,,,N
235,328.0,M.Salah,3.0,137.0,12.0,0.8119999999999999,0.366,1.1780000000000002,0.556,0.6247811632412176,2.23617794387575,2.634217617885634,0.347378326762117,328.0,6.0,2.0,True,False,3.0,Y
236,329.0,Mac Allister,3.0,62.0,12.0,0.136,0.294,0.43,0.538,0.6247811632412176,2.23617794387575,0.9615565158665725,0.3361322658237751,,,,,,,N
237,330.0,McConnell,3.0,44.0,12.0,0.0,0.0,0.0,0.0,0.6247811632412176,2.23617794387575,0.0,0.0,,,,,,,N
238,331.0,Morton,3.0,44.0,12.0,0.0,0.0,0.0,0.0,0.6247811632412176,2.23617794387575,0.0,0.0,,,,,,,N
239,335.0,Robertson,2.0,59.0,12.0,0.014000000000000002,0.166,0.18,0.42000000000000004,0.6247811632412176,2.23617794387575,0.40251202989763496,0.26240808856131137,,,,,,,N
240,336.0,Szoboszlai,3.0,63.0,12.0,0.146,0.044,0.19,0.188,0.6247811632412176,2.23617794387575,0.4248738093363925,0.1174588586893489,,,,,,,N
241,338.0,Van den Berg,2.0,41.0,4.0,0.018,0.002,0.019999999999999997,1.574,0.5737767697702798,2.210431591652,0.044208631833039996,0.9031246356184205,338.0,15.0,0.0,False,False,2.0,Y
242,339.0,Virgil,2.0,64.0,12.0,0.10800000000000001,0.044000000000000004,0.152,0.556,0.6247811632412176,2.23617794387575,0.339899047469114,0.347378326762117,,,,,,,N
243,340.0,Akanji,2.0,53.0,13.0,0.038,0.022,0.05999999999999999,1.29,0.6429007395611336,2.171691239804,0.13030147438824,0.8293419540338625,,,,,,,N
244,341.0,Aké,2.0,53.0,13.0,0.022,0.014000000000000002,0.036000000000000004,0.982,0.6429007395611336,2.171691239804,0.07818088463294401,0.6313285262490332,,,,,,,N
245,342.0,Bernardo,3.0,62.0,13.0,0.08800000000000001,0.04,0.128,1.176,0.6429007395611336,2.171691239804,0.277976478694912,0.7560512697238931,,,,,,,N
246,343.0,Bobb,3.0,47.0,13.0,0.0,0.0,0.0,0.0,0.6429007395611336,2.171691239804,0.0,0.0,,,,,,,N
247,345.0,De Bruyne,3.0,94.0,13.0,0.086,0.23999999999999996,0.32599999999999996,1.1880000000000002,0.6429007395611336,2.171691239804,0.7079713441761039,0.7637660785986269,,,,,,,N
248,346.0,Doku,3.0,62.0,13.0,0.016,0.078,0.094,0.21799999999999997,0.6429007395611336,2.171691239804,0.204138976541576,0.14015236122432712,,,,,,,N
249,348.0,Foden,3.0,93.0,13.0,0.42200000000000004,0.312,0.732,1.108,0.6429007395611336,2.171691239804,1.589677987536528,0.7123340194337362,348.0,7.0,1.0,False,True,3.0,Y
250,349.0,Grealish,3.0,64.0,13.0,0.008,0.006,0.014000000000000002,0.012,0.6429007395611336,2.171691239804,0.030403677357256007,0.007714808874733604,,,,,,,N
251,350.0,Gvardiol,2.0,59.0,13.0,0.17400000000000002,0.048,0.22199999999999998,1.292,0.6429007395611336,2.171691239804,0.48211545523648797,0.8306277555129847,,,,,,,N
252,351.0,Haaland,4.0,147.0,13.0,0.868,0.066,0.9339999999999999,1.282,0.6429007395611336,2.171691239804,2.028359617976936,0.8241987481173734,,,,,,,N
253,352.0,J.Alvarez,4.0,70.0,13.0,0.0,0.0,0.0,0.0,0.6429007395611336,2.171691239804,0.0,0.0,,,,,,,N
254,354.0,Kovačić,3.0,54.0,13.0,0.06199999999999999,0.174,0.23600000000000004,0.884,0.6429007395611336,2.171691239804,0.512519132593744,0.5683242537720421,,,,,,,N
255,356.0,Matheus N.,3.0,49.0,13.0,0.0,0.06199999999999999,0.06199999999999999,0.632,0.6429007395611336,2.171691239804,0.134644856867848,0.4063132674026365,,,,,,,N
256,357.0,McAtee,3.0,46.0,13.0,0.15799999999999997,0.002,0.15999999999999998,0.21599999999999994,0.6429007395611336,2.171691239804,0.34747059836863997,0.13886655974520484,,,,,,,N
257,358.0,Ortega Moreno,1.0,52.0,13.0,0.0,0.0,0.0,1.176,0.6429007395611336,2.171691239804,0.0,0.7560512697238931,,,,,,,N
258,359.0,Phillips,3.0,48.0,10.0,0.004,0.004,0.008,0.784,0.5803817699756675,2.4014013125693334,0.01921121050055467,0.4550193076609233,,,,,,,N
259,360.0,Rodrigo,3.0,62.0,13.0,0.0,0.0,0.0,0.0,0.6429007395611336,2.171691239804,0.0,0.0,,,,,,,N
260,364.0,Amad,3.0,56.0,14.0,0.366,0.154,0.52,1.7,0.6236231258338398,2.23180108277475,1.1605365630428701,1.0601593139175278,,,,,,,N
261,365.0,Antony,3.0,57.0,14.0,0.07400000000000001,0.030000000000000006,0.10400000000000001,0.162,0.6236231258338398,2.23180108277475,0.23210731260857403,0.10102694638508206,,,,,,,N
262,366.0,B.Fernandes,3.0,84.0,14.0,0.294,0.13599999999999998,0.43,1.3,0.6236231258338398,2.23180108277475,0.9596744655931425,0.8107100635839918,,,,,,,N
263,368.0,Casemiro,3.0,47.0,14.0,0.024,0.033999999999999996,0.05800000000000001,0.488,0.6236231258338398,2.23180108277475,0.12944446280093552,0.30432808540691386,,,,,,,N
264,369.0,Dalot,2.0,50.0,14.0,0.022000000000000002,0.072,0.094,1.5059999999999998,0.6236231258338398,2.23180108277475,0.2097893017808265,0.9391764275057627,,,,,,,N
265,370.0,Eriksen,3.0,53.0,14.0,0.0,0.088,0.088,0.502,0.6236231258338398,2.23180108277475,0.196398495284178,0.31305880916858764,,,,,,,N
266,372.0,Garnacho,3.0,59.0,14.0,0.152,0.07,0.22199999999999998,0.624,0.6236231258338398,2.23180108277475,0.49545984037599444,0.38914083052031606,,,,,,,N
267,373.0,Hannibal,3.0,45.0,14.0,0.0,0.0,0.0,0.0,0.6236231258338398,2.23180108277475,0.0,0.0,,,,,,,N
268,375.0,Højlund,4.0,69.0,14.0,0.098,0.042,0.13999999999999999,1.1440000000000001,0.6236231258338398,2.23180108277475,0.31245215158846495,0.7134248559539129,,,,,,,N
269,377.0,Maguire,2.0,49.0,14.0,0.09,0.008,0.098,1.5139999999999998,0.6236231258338398,2.23180108277475,0.2187165061119255,0.9441654125124335,,,,,,,N
270,378.0,Mainoo,3.0,52.0,14.0,0.05600000000000001,0.048,0.10400000000000001,1.062,0.6236231258338398,2.23180108277475,0.23210731260857403,0.662287759635538,,,,,,,N
271,380.0,Martinez,2.0,44.0,14.0,0.026000000000000002,0.06,0.086,1.418,0.6236231258338398,2.23180108277475,0.1919348931186285,0.8842975924323848,,,,,,,N
272,381.0,McTominay,3.0,49.0,14.0,0.0,0.0,0.0,0.0,0.6236231258338398,2.23180108277475,0.0,0.0,,,,,,,N
273,382.0,Mount,3.0,63.0,14.0,0.0,0.0,0.0,0.0,0.6236231258338398,2.23180108277475,0.0,0.0,,,,,,,N
274,383.0,Onana,1.0,50.0,14.0,0.0,0.0,0.0,1.8099999999999998,0.6236231258338398,2.23180108277475,0.0,1.12875785775925,,,,,,,N
275,384.0,Pellistri,3.0,50.0,14.0,0.0,0.0,0.0,0.0,0.6236231258338398,2.23180108277475,0.0,0.0,,,,,,,N
276,385.0,Rashford,3.0,66.0,14.0,0.0,0.0,0.0,0.0,0.6236231258338398,2.23180108277475,0.0,0.0,,,,,,,N
277,386.0,Sancho,3.0,62.0,6.0,0.072,0.076,0.148,0.868,0.6155911502593543,2.3184758320984002,0.3431344231505632,0.5343331184251195,,,,,,,N
278,388.0,Wan-Bissaka,2.0,45.0,19.0,0.06799999999999999,0.078,0.146,1.936,0.6416960569538712,2.310531976961,0.337337668636306,1.2423235662626946,,,,,,,N
279,389.0,Zirkzee,4.0,65.0,14.0,0.06000000000000001,0.07400000000000001,0.134,1.042,0.6236231258338398,2.23180108277475,0.29906134509181653,0.6498152971188612,,,,,,,N
280,391.0,Almirón,3.0,54.0,15.0,0.0,0.002,0.002,0.16399999999999998,0.6735929755821757,2.104970542758933,0.004209941085517867,0.11046924799547678,,,,,,,N
281,392.0,Barnes,3.0,59.0,15.0,0.064,0.012,0.076,0.11999999999999998,0.6735929755821757,2.104970542758933,0.15997776124967894,0.08083115706986106,,,,,,,N
282,394.0,Bruno G.,3.0,61.0,15.0,0.066,0.252,0.31799999999999995,1.1699999999999997,0.6735929755821757,2.104970542758933,0.6693806325973407,0.7881037814311453,,,,,,,N
283,395.0,Burn,2.0,44.0,15.0,0.030000000000000006,0.08600000000000001,0.11600000000000002,1.214,0.6735929755821757,2.104970542758933,0.2441765829600363,0.8177418723567611,,,,,,,N
284,396.0,Dúbravka,1.0,43.0,15.0,0.0,0.0,0.0,1.214,0.6735929755821757,2.104970542758933,0.0,0.8177418723567611,,,,,,,N
285,397.0,Fraser,3.0,48.0,17.0,0.0,0.0,0.0,0.0,0.6736158620447158,2.0777840961858667,0.0,0.0,,,,,,,N
286,398.0,Gordon,3.0,77.0,15.0,0.374,0.164,0.538,0.9339999999999999,0.6735929755821757,2.104970542758933,1.1324741520043062,0.629135839193752,,,,,,,N
287,399.0,Hall,2.0,51.0,15.0,0.022,0.176,0.198,1.0939999999999999,0.6735929755821757,2.104970542758933,0.41678416746626884,0.7369107152869,,,,,,,N
288,400.0,Hayden,3.0,44.0,15.0,0.0,0.0,0.0,0.0,0.6735929755821757,2.104970542758933,0.0,0.0,,,,,,,N
289,401.0,Isak,4.0,95.0,15.0,0.8,0.092,0.892,1.016,0.6735929755821757,2.104970542758933,1.8776337241409686,0.6843704631914904,401.0,11.0,1.0,False,False,4.0,Y
290,402.0,J.Murphy,3.0,51.0,15.0,0.12999999999999998,0.23000000000000004,0.36,0.86,0.6735929755821757,2.104970542758933,0.757789395393216,0.5792899590006709,,,,,,,N
291,403.0,Joelinton,3.0,60.0,15.0,0.21400000000000002,0.11,0.32399999999999995,1.064,0.6735929755821757,2.104970542758933,0.6820104558538943,0.7167029260194349,,,,,,,N
292,406.0,Kuol,3.0,44.0,15.0,0.0,0.0,0.0,0.0,0.6735929755821757,2.104970542758933,0.0,0.0,,,,,,,N
293,409.0,Livramento,2.0,45.0,15.0,0.0,0.014000000000000002,0.014000000000000002,1.002,0.6735929755821757,2.104970542758933,0.02946958759862507,0.67494016153334,,,,,,,N
294,410.0,Longstaff,3.0,46.0,15.0,0.0,0.0,0.0,0.034,0.6735929755821757,2.104970542758933,0.0,0.022902161169793975,,,,,,,N
295,411.0,Miley,3.0,50.0,15.0,0.0,0.0,0.0,0.15,0.6735929755821757,2.104970542758933,0.0,0.10103894633732634,,,,,,,N
296,417.0,Tonali,3.0,55.0,15.0,0.258,0.142,0.4,1.214,0.6735929755821757,2.104970542758933,0.8419882171035733,0.8177418723567611,,,,,,,N
297,419.0,White,3.0,45.0,15.0,0.0,0.0,0.0,0.0,0.6735929755821757,2.104970542758933,0.0,0.0,,,,,,,N
298,420.0,Willock,3.0,47.0,15.0,0.034,0.004,0.038,0.358,0.6735929755821757,2.104970542758933,0.07998888062483947,0.24114628525841886,,,,,,,N
299,421.0,Wilson,4.0,69.0,15.0,0.0,0.0,0.0,0.0,0.6735929755821757,2.104970542758933,0.0,0.0,,,,,,,N
300,422.0,Aina,2.0,54.0,16.0,0.048,0.028000000000000004,0.076,1.248,0.632705228939266,2.173310346087467,0.16517158630264744,0.789616125716204,422.0,4.0,1.0,False,False,2.0,Y
301,423.0,Anderson,3.0,50.0,16.0,0.044,0.046,0.09,1.2120000000000002,0.632705228939266,2.173310346087467,0.195597931147872,0.7668387374743905,,,,,,,N
302,424.0,Awoniyi,4.0,55.0,16.0,0.24799999999999997,0.0,0.24799999999999997,0.14200000000000002,0.632705228939266,2.173310346087467,0.5389809658296918,0.08984414250937577,,,,,,,N
303,426.0,Bowler,3.0,45.0,16.0,0.0,0.0,0.0,0.0,0.632705228939266,2.173310346087467,0.0,0.0,,,,,,,N
304,428.0,Da Silva Moreira,3.0,44.0,16.0,0.0,0.0,0.0,0.0,0.632705228939266,2.173310346087467,0.0,0.0,,,,,,,N
305,429.0,Danilo,3.0,47.0,16.0,0.0,0.0,0.0,0.0,0.632705228939266,2.173310346087467,0.0,0.0,,,,,,,N
306,430.0,Dennis,4.0,49.0,16.0,0.0,0.0,0.0,0.0,0.632705228939266,2.173310346087467,0.0,0.0,,,,,,,N
307,431.0,Dominguez,3.0,48.0,16.0,0.006,0.10600000000000001,0.11200000000000002,0.7140000000000001,0.632705228939266,2.173310346087467,0.2434107587617963,0.45175153346263597,,,,,,,N
308,432.0,Elanga,3.0,53.0,16.0,0.184,0.138,0.32199999999999995,1.1400000000000001,0.632705228939266,2.173310346087467,0.6998059314401641,0.7212839609907633,,,,,,,N
309,433.0,Gibbs-White,3.0,64.0,16.0,0.254,0.2,0.454,1.1039999999999999,0.632705228939266,2.173310346087467,0.9866828971237099,0.6985065727489495,,,,,,,N
310,434.0,Hudson-Odoi,3.0,52.0,16.0,0.10200000000000001,0.09,0.192,0.8860000000000002,0.632705228939266,2.173310346087467,0.41727558644879365,0.5605768328401897,,,,,,,N
311,435.0,Mighten,3.0,45.0,16.0,0.0,0.0,0.0,0.0,0.632705228939266,2.173310346087467,0.0,0.0,,,,,,,N
312,436.0,Murillo,2.0,47.0,16.0,0.012,0.006,0.018,1.0699999999999998,0.632705228939266,2.173310346087467,0.03911958622957439,0.6769945949650145,,,,,,,N
313,437.0,N.Williams,2.0,44.0,16.0,0.054000000000000006,0.014000000000000002,0.068,1.2280000000000002,0.632705228939266,2.173310346087467,0.14778510353394775,0.7769620211374187,,,,,,,N
314,439.0,O'Brien,3.0,50.0,16.0,0.0,0.0,0.0,0.0,0.632705228939266,2.173310346087467,0.0,0.0,,,,,,,N
315,442.0,Sangaré,3.0,43.0,16.0,0.0,0.0,0.0,0.0,0.632705228939266,2.173310346087467,0.0,0.0,,,,,,,N
316,443.0,Sels,1.0,50.0,16.0,0.0,0.004,0.004,1.248,0.632705228939266,2.173310346087467,0.008693241384349867,0.789616125716204,,,,,,,N
317,446.0,Ui-jo,4.0,45.0,16.0,0.0,0.0,0.0,0.0,0.632705228939266,2.173310346087467,0.0,0.0,,,,,,,N
318,447.0,Wood,4.0,71.0,16.0,0.31399999999999995,0.026000000000000002,0.34,1.1039999999999999,0.632705228939266,2.173310346087467,0.7389255176697387,0.6985065727489495,,,,,,,N
319,449.0,Yates,3.0,49.0,16.0,0.0,0.0,0.0,0.514,0.632705228939266,2.173310346087467,0.0,0.3252104876747827,,,,,,,N
320,450.0,Alcaraz,3.0,49.0,17.0,0.0,0.0,0.0,0.0,0.6736158620447158,2.0777840961858667,0.0,0.0,,,,,,,N
321,451.0,Amo-Ameyaw,3.0,44.0,17.0,0.0,0.0,0.0,0.0,0.6736158620447158,2.0777840961858667,0.0,0.0,,,,,,,N
322,452.0,Aribo,3.0,49.0,17.0,0.014000000000000002,0.022,0.036,1.8039999999999998,0.6736158620447158,2.0777840961858667,0.07480022746269119,1.2152030151286672,,,,,,,N
323,453.0,Armstrong,4.0,51.0,17.0,0.036,0.024,0.05999999999999999,1.8419999999999999,0.6736158620447158,2.0777840961858667,0.124667045771152,1.2408004178863663,,,,,,,N
324,455.0,Bednarek,2.0,40.0,17.0,0.072,0.004,0.076,2.508,0.6736158620447158,2.0777840961858667,0.15791159131012586,1.6894285820081472,,,,,,,N
325,457.0,Bree,2.0,39.0,17.0,0.008,0.048,0.05600000000000001,1.7739999999999998,0.6736158620447158,2.0777840961858667,0.11635590938640855,1.1949945392673258,,,,,,,N
326,458.0,Charles,3.0,45.0,17.0,0.0,0.0,0.0,0.0,0.6736158620447158,2.0777840961858667,0.0,0.0,,,,,,,N
327,459.0,Edozie,3.0,49.0,17.0,0.0,0.0,0.0,0.0,0.6736158620447158,2.0777840961858667,0.0,0.0,,,,,,,N
328,461.0,Harwood-Bellis,2.0,41.0,17.0,0.030000000000000006,0.044,0.074,2.71,0.6736158620447158,2.0777840961858667,0.1537560231177541,1.82549898614118,,,,,,,N
329,462.0,Kamaldeen,3.0,50.0,17.0,0.064,0.032,0.096,1.1960000000000002,0.6736158620447158,2.0777840961858667,0.19946727323384322,0.8056445710054803,,,,,,,N
330,463.0,Lallana,3.0,50.0,17.0,0.0,0.008,0.008,0.21399999999999997,0.6736158620447158,2.0777840961858667,0.016622272769486933,0.14415379447756915,,,,,,,N
331,468.0,Mara,4.0,50.0,17.0,0.0,0.0,0.0,0.0,0.6736158620447158,2.0777840961858667,0.0,0.0,,,,,,,N
332,470.0,Onuachu,4.0,49.0,17.0,0.23999999999999996,0.012,0.252,1.41,0.6736158620447158,2.0777840961858667,0.5236015922388384,0.9497983654830492,,,,,,,N
333,471.0,Smallbone,3.0,50.0,17.0,0.0,0.0,0.0,0.364,0.6736158620447158,2.0777840961858667,0.0,0.24519617378427655,,,,,,,N
334,473.0,Stewart,4.0,44.0,17.0,0.0,0.0,0.0,0.0,0.6736158620447158,2.0777840961858667,0.0,0.0,,,,,,,N
335,476.0,Walker-Peters,2.0,43.0,17.0,0.04,0.166,0.20400000000000001,2.69,0.6736158620447158,2.0777840961858667,0.42386795562191687,1.8120266689002855,,,,,,,N
336,480.0,Bentancur,3.0,49.0,18.0,0.02,0.041999999999999996,0.06200000000000001,0.304,0.6529769907988027,2.37880144445075,0.14748568955594654,0.19850500520283598,,,,,,,N
337,481.0,Bergvall,3.0,44.0,18.0,0.008,0.018,0.026000000000000002,1.2,0.6529769907988027,2.37880144445075,0.06184883755571951,0.7835723889585632,,,,,,,N
338,482.0,Bissouma,3.0,49.0,18.0,0.01,0.004,0.014000000000000002,0.17,0.6529769907988027,2.37880144445075,0.033303220222310505,0.11100608843579646,,,,,,,N
339,483.0,Bryan,3.0,50.0,18.0,0.0,0.0,0.0,0.0,0.6529769907988027,2.37880144445075,0.0,0.0,,,,,,,N
340,485.0,Devine,3.0,45.0,18.0,0.0,0.0,0.0,0.0,0.6529769907988027,2.37880144445075,0.0,0.0,,,,,,,N
341,486.0,Dragusin,2.0,43.0,18.0,0.01,0.004,0.014000000000000002,1.3599999999999999,0.6529769907988027,2.37880144445075,0.033303220222310505,0.8880487074863715,,,,,,,N
342,489.0,Gray,3.0,46.0,18.0,0.0,0.006,0.006,1.5539999999999998,0.6529769907988027,2.37880144445075,0.0142728086667045,1.0147262437013391,,,,,,,N
343,490.0,Højbjerg,3.0,50.0,18.0,0.0,0.0,0.0,0.0,0.6529769907988027,2.37880144445075,0.0,0.0,,,,,,,N
344,491.0,Johnson,3.0,63.0,18.0,0.16,0.024,0.184,1.016,0.6529769907988027,2.37880144445075,0.43769946577893803,0.6634246226515835,,,,,,,N
345,492.0,Kulusevski,3.0,64.0,18.0,0.16999999999999998,0.182,0.352,1.5539999999999998,0.6529769907988027,2.37880144445075,0.837338108446664,1.0147262437013391,,,,,,,N
346,493.0,Lo Celso,3.0,49.0,18.0,0.0,0.0,0.0,0.0,0.6529769907988027,2.37880144445075,0.0,0.0,,,,,,,N
347,494.0,Maddison,3.0,75.0,18.0,0.072,0.026000000000000002,0.098,0.8160000000000001,0.6529769907988027,2.37880144445075,0.2331225415561735,0.532829224491823,494.0,13.0,0.0,False,False,3.0,Y
348,495.0,Pedro Porro,2.0,54.0,18.0,0.018,0.11400000000000002,0.132,1.3359999999999999,0.6529769907988027,2.37880144445075,0.31400179066749906,0.8723772597072003,,,,,,,N
349,497.0,Richarlison,4.0,68.0,18.0,0.078,0.018,0.096,0.122,0.6529769907988027,2.37880144445075,0.228364938667272,0.07966319287745392,,,,,,,N
350,499.0,P.M.Sarr,3.0,48.0,18.0,0.10999999999999999,0.014000000000000002,0.12399999999999997,1.154,0.6529769907988027,2.37880144445075,0.2949713791118929,0.7535354473818182,,,,,,,N
351,500.0,Scarlett,4.0,45.0,18.0,0.0,0.0,0.0,0.0,0.6529769907988027,2.37880144445075,0.0,0.0,,,,,,,N
352,501.0,Skipp,3.0,47.0,11.0,0.012,0.002,0.013999999999999999,0.22000000000000003,0.6967725641072132,2.273216266158,0.031825027726212,0.15328996410358695,,,,,,,N
353,502.0,Solomon,3.0,54.0,18.0,0.0,0.0,0.0,0.0,0.6529769907988027,2.37880144445075,0.0,0.0,,,,,,,N
354,503.0,Son,3.0,98.0,18.0,0.298,0.072,0.37,0.942,0.6529769907988027,2.37880144445075,0.8801565344467775,0.6151043253324721,,,,,,,N
355,504.0,Spence,2.0,44.0,18.0,0.014000000000000002,0.042,0.05600000000000001,1.41,0.6529769907988027,2.37880144445075,0.13321288088924202,0.9206975570263116,,,,,,,N
356,507.0,Veliz,4.0,50.0,18.0,0.0,0.0,0.0,0.0,0.6529769907988027,2.37880144445075,0.0,0.0,,,,,,,N
357,509.0,Werner,3.0,62.0,18.0,0.0,0.012,0.012,0.55,0.6529769907988027,2.37880144445075,0.028545617333409,0.35913734493934146,,,,,,,N
358,511.0,Álvarez,3.0,50.0,19.0,0.004,0.01,0.014000000000000002,1.26,0.6416960569538712,2.310531976961,0.032347447677454004,0.8085370317618777,,,,,,,N
359,512.0,Antonio,4.0,53.0,19.0,0.0,0.0,0.0,0.0,0.6416960569538712,2.310531976961,0.0,0.0,,,,,,,N
360,514.0,Bowen,3.0,73.0,19.0,0.18,0.044,0.22399999999999998,0.732,0.6416960569538712,2.310531976961,0.517559162839264,0.46972151369023374,,,,,,,N
361,515.0,Cornet,3.0,47.0,17.0,0.0,0.0,0.0,0.0,0.6736158620447158,2.0777840961858667,0.0,0.0,,,,,,,N
362,518.0,Downes,3.0,47.0,17.0,0.006,0.002,0.008,0.698,0.6736158620447158,2.0777840961858667,0.016622272769486933,0.4701838717072116,,,,,,,N
363,519.0,Earthy,3.0,45.0,19.0,0.0,0.0,0.0,0.0,0.6416960569538712,2.310531976961,0.0,0.0,,,,,,,N
364,520.0,Emerson,2.0,44.0,19.0,0.014000000000000002,0.016,0.03,1.126,0.6416960569538712,2.310531976961,0.06931595930883,0.722549760130059,,,,,,,N
365,523.0,Ings,4.0,50.0,19.0,0.006,0.0,0.006,0.42400000000000004,0.6416960569538712,2.310531976961,0.013863191861766001,0.27207912814844143,,,,,,,N
366,524.0,Kilman,2.0,43.0,19.0,0.0,0.002,0.002,1.766,0.6416960569538712,2.310531976961,0.004621063953922,1.1332352365805367,,,,,,,N
367,525.0,Kudus,3.0,62.0,19.0,0.11399999999999999,0.044,0.158,1.6600000000000001,0.6416960569538712,2.310531976961,0.365064052359838,1.0652154545434263,,,,,,,N
368,526.0,L.Guilherme,3.0,46.0,19.0,0.006,0.018,0.024,0.244,0.6416960569538712,2.310531976961,0.055452767447064004,0.1565738378967446,,,,,,,N
369,527.0,L.Paquetá,3.0,57.0,19.0,0.16799999999999998,0.146,0.31399999999999995,1.448,0.6416960569538712,2.310531976961,0.7255070407657539,0.9291758904692056,,,,,,,N
370,528.0,Mavropanos,2.0,43.0,19.0,0.0,0.002,0.002,1.576,0.6416960569538712,2.310531976961,0.004621063953922,1.011312985759301,,,,,,,N
371,530.0,Souček,3.0,49.0,19.0,0.13999999999999999,0.052000000000000005,0.192,1.3059999999999998,0.6416960569538712,2.310531976961,0.44362213957651203,0.8380550503817558,,,,,,,N
372,531.0,Ward-Prowse,3.0,61.0,16.0,0.0,0.08,0.08,0.02,0.632705228939266,2.173310346087467,0.17386482768699732,0.01265410457878532,,,,,,,N
373,533.0,Aït-Nouri,2.0,47.0,20.0,0.032,0.098,0.12999999999999998,1.9939999999999998,0.6337214672598257,2.3516265897250666,0.30571145666425864,1.2636406057160923,,,,,,,N
374,534.0,B.Traore,3.0,48.0,20.0,0.0,0.0,0.0,0.0,0.6337214672598257,2.3516265897250666,0.0,0.0,,,,,,,N
375,535.0,Bellegarde,3.0,49.0,20.0,0.024,0.024,0.048,0.6900000000000001,0.6337214672598257,2.3516265897250666,0.1128780763068032,0.4372678124092798,,,,,,,N
376,537.0,Chiquinho,3.0,45.0,20.0,0.0,0.0,0.0,0.0,0.6337214672598257,2.3516265897250666,0.0,0.0,,,,,,,N
377,538.0,Chirewa,3.0,45.0,20.0,0.0,0.0,0.0,0.0,0.6337214672598257,2.3516265897250666,0.0,0.0,,,,,,,N
378,539.0,Chiwome,4.0,45.0,20.0,0.0,0.0,0.0,0.0,0.6337214672598257,2.3516265897250666,0.0,0.0,,,,,,,N
379,540.0,Cundle,3.0,45.0,20.0,0.0,0.0,0.0,0.0,0.6337214672598257,2.3516265897250666,0.0,0.0,,,,,,,N
380,541.0,Cunha,4.0,69.0,20.0,0.158,0.126,0.284,1.268,0.6337214672598257,2.3516265897250666,0.667861951481919,0.8035588204854591,,,,,,,N
381,543.0,Doherty,2.0,43.0,20.0,0.09,0.026000000000000002,0.11600000000000002,2.0300000000000002,0.6337214672598257,2.3516265897250666,0.27278868440810783,1.2864545785374466,,,,,,,N
382,544.0,Doyle,3.0,48.0,20.0,0.002,0.02,0.022,0.36,0.6337214672598257,2.3516265897250666,0.05173578497395147,0.22813972821353723,,,,,,,N
383,545.0,Fábio Silva,4.0,50.0,20.0,0.0,0.0,0.0,0.0,0.6337214672598257,2.3516265897250666,0.0,0.0,,,,,,,N
384,546.0,Fraser,4.0,45.0,20.0,0.0,0.0,0.0,0.0,0.6337214672598257,2.3516265897250666,0.0,0.0,,,,,,,N
385,547.0,Gonzalez,3.0,44.0,20.0,0.0,0.0,0.0,0.0,0.6337214672598257,2.3516265897250666,0.0,0.0,,,,,,,N
386,548.0,Guedes,3.0,53.0,20.0,0.10400000000000001,0.029999999999999995,0.134,0.8160000000000001,0.6337214672598257,2.3516265897250666,0.315117963023159,0.5171167172840179,,,,,,,N
387,550.0,Hee Chan,3.0,61.0,20.0,0.154,0.032,0.186,0.6719999999999999,0.6337214672598257,2.3516265897250666,0.4374025456888624,0.42586082599860287,,,,,,,N
388,551.0,Hodge,3.0,45.0,20.0,0.0,0.0,0.0,0.0,0.6337214672598257,2.3516265897250666,0.0,0.0,,,,,,,N
389,553.0,J.Gomes,3.0,49.0,20.0,0.0,0.25600000000000006,0.25600000000000006,1.9920000000000002,0.6337214672598257,2.3516265897250666,0.6020164069696172,1.2623731627815729,,,,,,,N
390,554.0,José Sá,1.0,43.0,20.0,0.0,0.0,0.0,2.0300000000000002,0.6337214672598257,2.3516265897250666,0.0,1.2864545785374466,,,,,,,N
391,555.0,Kalajdžić,4.0,48.0,20.0,0.0,0.0,0.0,0.0,0.6337214672598257,2.3516265897250666,0.0,0.0,,,,,,,N
392,557.0,Mario Jr.,3.0,49.0,20.0,0.0,0.008,0.008,0.298,0.6337214672598257,2.3516265897250666,0.018813012717800535,0.18884899724342805,,,,,,,N
393,560.0,Neto,3.0,62.0,6.0,0.05799999999999999,0.052000000000000005,0.11000000000000001,0.732,0.6155911502593543,2.3184758320984002,0.25503234153082405,0.45061272198984736,,,,,,,N
394,562.0,Podence,3.0,55.0,20.0,0.0,0.0,0.0,0.0,0.6337214672598257,2.3516265897250666,0.0,0.0,,,,,,,N
395,563.0,R.Gomes,3.0,51.0,20.0,0.01,0.114,0.12399999999999999,0.9600000000000002,0.6337214672598257,2.3516265897250666,0.2916016971259083,0.6083726085694328,,,,,,,N
396,564.0,S.Bueno,2.0,43.0,20.0,0.039999999999999994,0.01,0.05,2.0300000000000002,0.6337214672598257,2.3516265897250666,0.11758132948625334,1.2864545785374466,,,,,,,N
397,565.0,Sarabia,3.0,50.0,20.0,0.074,0.026000000000000002,0.1,0.836,0.6337214672598257,2.3516265897250666,0.23516265897250668,0.5297911466292142,,,,,,,N
398,566.0,Strand Larsen,4.0,53.0,20.0,0.41800000000000004,0.006,0.42400000000000004,1.754,0.6337214672598257,2.3516265897250666,0.9970896740434284,1.1115474535737344,,,,,,,N
399,569.0,Jaden,3.0,53.0,10.0,0.0,0.002,0.002,0.13,0.5803817699756675,2.4014013125693334,0.0048028026251386675,0.07544963009683678,,,,,,,N
400,570.0,A.Fatawu,3.0,52.0,11.0,0.0,0.0,0.0,0.0,0.6967725641072132,2.273216266158,0.0,0.0,,,,,,,N
401,571.0,Savinho,3.0,64.0,13.0,0.186,0.314,0.5,1.1480000000000001,0.6429007395611336,2.171691239804,1.085845619902,0.7380500490161815,,,,,,,N
402,573.0,Milenković,2.0,48.0,16.0,0.06000000000000001,0.004,0.064,1.248,0.632705228939266,2.173310346087467,0.13909186214959787,0.789616125716204,573.0,3.0,1.0,False,False,2.0,Y
403,576.0,Irving,3.0,48.0,19.0,0.0,0.002,0.002,0.304,0.6416960569538712,2.310531976961,0.004621063953922,0.19507560131397686,,,,,,,N
404,577.0,Lindstrøm,3.0,50.0,8.0,0.076,0.142,0.21799999999999997,0.5820000000000001,0.7477012663914506,2.254612534826,0.491505532592068,0.4351621370398243,,,,,,,N
405,580.0,Huijsen,2.0,44.0,3.0,0.088,0.076,0.164,1.1119999999999999,0.6532904972969671,2.3514996188373334,0.3856459374893227,0.7264590329942275,,,,,,,N
406,584.0,Brereton Díaz,3.0,48.0,17.0,0.0,0.0,0.0,0.0,0.6736158620447158,2.0777840961858667,0.0,0.0,,,,,,,N
407,585.0,I.Sarr,3.0,58.0,7.0,0.094,0.25,0.344,1.0959999999999999,0.6897420569824814,2.22726496573525,0.766179148212926,0.7559572944527995,,,,,,,N
408,587.0,Summerville,3.0,56.0,19.0,0.030000000000000006,0.008,0.038,0.64,0.6416960569538712,2.310531976961,0.087800215124518,0.4106854764504776,,,,,,,N
409,588.0,G.Rodríguez,3.0,48.0,19.0,0.016,0.0,0.016,0.454,0.6416960569538712,2.310531976961,0.036968511631376,0.29133000985705754,,,,,,,N
410,589.0,Füllkrug,4.0,67.0,19.0,0.11800000000000002,0.019999999999999997,0.138,0.884,0.6416960569538712,2.310531976961,0.318853412820618,0.5672593143472222,,,,,,,N
411,590.0,Osula,4.0,49.0,15.0,0.0,0.0,0.0,0.20800000000000002,0.6735929755821757,2.104970542758933,0.0,0.14010733892109253,,,,,,,N
412,593.0,De Ligt,2.0,49.0,14.0,0.078,0.02,0.098,1.51,0.6236231258338398,2.23180108277475,0.2187165061119255,0.9416709200090982,,,,,,,N
413,594.0,Mazraoui,2.0,44.0,14.0,0.016,0.033999999999999996,0.05,1.802,0.6236231258338398,2.23180108277475,0.1115900541387375,1.1237688727525794,594.0,14.0,0.0,False,False,2.0,Y
414,595.0,Gruda,3.0,54.0,5.0,0.044,0.068,0.11200000000000002,0.5279999999999999,0.6971128791053882,2.2839596766701336,0.255803483787055,0.3680756001676449,,,,,,,N
415,596.0,Jota Silva,3.0,59.0,16.0,0.074,0.038,0.11200000000000002,0.25,0.632705228939266,2.173310346087467,0.2434107587617963,0.1581763072348165,,,,,,,N
416,597.0,Lewis-Skelly,3.0,45.0,1.0,0.0,0.018,0.018,0.38,0.674219519816056,2.3572765524789334,0.0424309779446208,0.2562034175301013,,,,,,,N
417,600.0,Ayari,3.0,50.0,5.0,0.038,0.028000000000000004,0.066,0.9199999999999999,0.6971128791053882,2.2839596766701336,0.15074133866022882,0.6413438487769572,,,,,,,N
418,601.0,Moran,3.0,50.0,5.0,0.0,0.0,0.0,0.0,0.6971128791053882,2.2839596766701336,0.0,0.0,,,,,,,N
419,602.0,Trevitt,3.0,44.0,4.0,0.0,0.0,0.0,0.0,0.5737767697702798,2.210431591652,0.0,0.0,,,,,,,N
420,603.0,Armstrong,3.0,44.0,8.0,0.074,0.0,0.074,0.09,0.7477012663914506,2.254612534826,0.166841327577124,0.06729311397523055,,,,,,,N
421,604.0,King,3.0,45.0,9.0,0.04,0.118,0.158,0.016,0.7200909830687341,2.122161900346,0.335301580254668,0.011521455729099746,,,,,,,N
422,605.0,Godo,3.0,44.0,9.0,0.0,0.0,0.0,0.0,0.7200909830687341,2.122161900346,0.0,0.0,,,,,,,N
423,606.0,Alves,3.0,44.0,11.0,0.0,0.0,0.0,0.0,0.6967725641072132,2.273216266158,0.0,0.0,,,,,,,N
424,607.0,O’Reilly,3.0,49.0,13.0,0.006,0.0,0.006,0.004,0.6429007395611336,2.171691239804,0.013030147438824,0.0025716029582445346,,,,,,,N
425,608.0,Dibling,3.0,45.0,17.0,0.202,0.014000000000000002,0.21600000000000003,1.584,0.6736158620447158,2.0777840961858667,0.4488013647761473,1.0670075254788298,,,,,,,N
426,609.0,Lankshear,4.0,45.0,18.0,0.0,0.0,0.0,0.0,0.6529769907988027,2.37880144445075,0.0,0.0,,,,,,,N
427,610.0,Moore,3.0,45.0,18.0,0.024,0.08,0.10400000000000001,0.0,0.6529769907988027,2.37880144445075,0.24739535022287804,0.0,,,,,,,N
428,611.0,Szmodics,3.0,57.0,10.0,0.05600000000000001,0.0,0.05600000000000001,0.594,0.5803817699756675,2.4014013125693334,0.1344784735038827,0.34474677136554643,,,,,,,N
429,612.0,Odobert,3.0,53.0,18.0,0.0,0.0,0.0,0.0,0.6529769907988027,2.37880144445075,0.0,0.0,,,,,,,N
430,613.0,Collyer,3.0,45.0,14.0,0.0,0.002,0.002,0.096,0.6236231258338398,2.23180108277475,0.0044636021655495,0.05986782008004863,,,,,,,N
431,614.0,Metcalfe,3.0,45.0,8.0,0.0,0.0,0.0,0.0,0.7477012663914506,2.254612534826,0.0,0.0,,,,,,,N
432,617.0,Evanilson,4.0,56.0,3.0,0.11000000000000001,0.034,0.144,0.392,0.6532904972969671,2.3514996188373334,0.338615945112576,0.25608987494041113,,,,,,,N
433,618.0,Georginio,3.0,51.0,5.0,0.11800000000000002,0.044,0.162,0.20600000000000002,0.6971128791053882,2.2839596766701336,0.3700014676205616,0.14360525309570998,,,,,,,N
434,619.0,Cajuste,3.0,45.0,10.0,0.0,0.01,0.01,1.682,0.5803817699756675,2.4014013125693334,0.024014013125693335,0.9762021370990726,,,,,,,N
435,620.0,Sosa,3.0,55.0,16.0,0.046,0.0,0.046,0.17800000000000002,0.632705228939266,2.173310346087467,0.09997227592002346,0.11262153075118936,,,,,,,N
436,621.0,João Félix,3.0,60.0,6.0,0.09,0.029999999999999995,0.11999999999999998,0.32999999999999996,0.6155911502593543,2.3184758320984002,0.27821709985180804,0.2031450795855869,,,,,,,N
437,622.0,Berge,3.0,50.0,9.0,0.0,0.004,0.004,0.094,0.7200909830687341,2.122161900346,0.008488647601384,0.06768855240846101,,,,,,,N
438,623.0,M.Fernandes,3.0,50.0,17.0,0.27799999999999997,0.17200000000000001,0.45,1.462,0.6736158620447158,2.0777840961858667,0.93500284328364,0.9848263903093745,,,,,,,N
439,625.0,Gündogan,3.0,64.0,13.0,0.0,0.2,0.2,0.522,0.6429007395611336,2.171691239804,0.4343382479608,0.3355941860509118,,,,,,,N
440,629.0,O'Riley,3.0,55.0,5.0,0.074,0.10200000000000001,0.176,0.32599999999999996,0.6971128791053882,2.2839596766701336,0.4019769030939434,0.22725879858835654,,,,,,,N
441,630.0,O'Shea,2.0,40.0,10.0,0.033999999999999996,0.004,0.038,2.036,0.5803817699756675,2.4014013125693334,0.09125324987763467,1.1816572836704589,,,,,,,N
442,631.0,J.Clarke,3.0,54.0,10.0,0.014000000000000002,0.004,0.018,0.744,0.5803817699756675,2.4014013125693334,0.043225223626248,0.43180403686189656,,,,,,,N
443,632.0,Ogbene,3.0,48.0,10.0,0.0,0.0,0.0,0.0,0.5803817699756675,2.4014013125693334,0.0,0.0,,,,,,,N
444,633.0,Merino,3.0,60.0,1.0,0.2,0.04,0.24000000000000005,0.616,0.674219519816056,2.3572765524789334,0.5657463725949441,0.4153192242066905,,,,,,,N
445,634.0,G.Nunes,3.0,49.0,4.0,0.0,0.0,0.0,0.0,0.5737767697702798,2.210431591652,0.0,0.0,,,,,,,N
446,635.0,El Khannouss,3.0,48.0,11.0,0.03,0.032,0.062,1.3599999999999999,0.6967725641072132,2.273216266158,0.140939408501796,0.9476106871858099,,,,,,,N
447,636.0,Chiesa,3.0,68.0,12.0,0.0,0.002,0.002,0.0,0.6247811632412176,2.23617794387575,0.0044723558877515,0.0,,,,,,,N
448,638.0,Oulad M'hand,3.0,45.0,1.0,0.0,0.0,0.0,0.0,0.674219519816056,2.3572765524789334,0.0,0.0,,,,,,,N
449,642.0,André,3.0,50.0,20.0,0.0,0.016,0.016,1.384,0.6337214672598257,2.3516265897250666,0.03762602543560107,0.8770705106875987,,,,,,,N
450,644.0,Umeh-Chibueze,3.0,44.0,7.0,0.0,0.0,0.0,0.0,0.6897420569824814,2.22726496573525,0.0,0.0,,,,,,,N
451,645.0,Devenny,3.0,45.0,7.0,0.002,0.0,0.002,0.08,0.6897420569824814,2.22726496573525,0.0044545299314705,0.05517936455859851,,,,,,,N
452,646.0,Agbinone,3.0,45.0,7.0,0.0,0.0,0.0,0.0,0.6897420569824814,2.22726496573525,0.0,0.0,,,,,,,N
453,647.0,Rodney,3.0,45.0,7.0,0.0,0.0,0.0,0.0,0.6897420569824814,2.22726496573525,0.0,0.0,,,,,,,N
454,648.0,Wheatley,4.0,45.0,14.0,0.0,0.0,0.0,0.0,0.6236231258338398,2.23180108277475,0.0,0.0,,,,,,,N
455,650.0,Lacroix,2.0,45.0,7.0,0.038,0.004,0.042,1.126,0.6897420569824814,2.22726496573525,0.0935451285608805,0.7766495561622739,,,,,,,N
456,651.0,Mangala,3.0,50.0,8.0,0.11600000000000002,0.018,0.134,1.458,0.7477012663914506,2.254612534826,0.302118079666684,1.090148446398735,,,,,,,N
457,652.0,Ugarte,3.0,49.0,14.0,0.018,0.008,0.026000000000000002,1.22,0.6236231258338398,2.23180108277475,0.05802682815214351,0.7608202135172846,,,,,,,N
458,654.0,C.Soler,3.0,50.0,19.0,0.078,0.046,0.12400000000000003,1.136,0.6416960569538712,2.310531976961,0.28650596514316407,0.7289667206995977,,,,,,,N
459,655.0,Forbs,3.0,55.0,20.0,0.008,0.002,0.01,0.376,0.6337214672598257,2.3516265897250666,0.023516265897250664,0.23827927168969448,,,,,,,N
460,656.0,Young,3.0,45.0,2.0,0.0,0.0,0.0,0.0,0.6942320720647169,2.3024477963645,0.0,0.0,,,,,,,N
461,659.0,Kabia,3.0,45.0,1.0,0.0,0.0,0.0,0.0,0.674219519816056,2.3572765524789334,0.0,0.0,,,,,,,N
462,661.0,Yogane,3.0,45.0,4.0,0.0,0.0,0.0,0.0,0.5737767697702798,2.210431591652,0.0,0.0,,,,,,,N
463,665.0,Butler-Oyedeji,4.0,45.0,1.0,0.0,0.0,0.0,0.0,0.674219519816056,2.3572765524789334,0.0,0.0,,,,,,,N
464,667.0,Fletcher,3.0,45.0,14.0,0.0,0.0,0.0,0.0,0.6236231258338398,2.23180108277475,0.0,0.0,,,,,,,N
465,671.0,Wright,3.0,45.0,13.0,0.0,0.0,0.0,0.0,0.6429007395611336,2.171691239804,0.0,0.0,,,,,,,N
466,673.0,Fitzgerald,3.0,45.0,14.0,0.0,0.0,0.0,0.0,0.6236231258338398,2.23180108277475,0.0,0.0,,,,,,,N
467,674.0,Maghoma,3.0,45.0,4.0,0.0,0.004,0.004,0.0,0.5737767697702798,2.210431591652,0.008841726366608,0.0,,,,,,,N
468,676.0,Marsh,4.0,45.0,7.0,0.0,0.0,0.0,0.0,0.6897420569824814,2.22726496573525,0.0,0.0,,,,,,,N
469,678.0,Bates,3.0,45.0,8.0,0.0,0.0,0.0,0.0,0.7477012663914506,2.254612534826,0.0,0.0,,,,,,,N
470,679.0,Broggio,3.0,45.0,2.0,0.0,0.0,0.0,0.0,0.6942320720647169,2.3024477963645,0.0,0.0,,,,,,,N
471,682.0,Edozie,3.0,45.0,20.0,0.0,0.0,0.0,0.0,0.6337214672598257,2.3516265897250666,0.0,0.0,,,,,,,N
472,683.0,Olusesi,3.0,45.0,18.0,0.0,0.0,0.0,0.0,0.6529769907988027,2.37880144445075,0.0,0.0,,,,,,,N
473,687.0,Winterburn,3.0,45.0,3.0,0.0,0.0,0.0,0.0,0.6532904972969671,2.3514996188373334,0.0,0.0,,,,,,,N
474,688.0,Nyoni,3.0,45.0,12.0,0.0,0.0,0.0,0.0,0.6247811632412176,2.23617794387575,0.0,0.0,,,,,,,N
475,689.0,Williams-Barnett,3.0,45.0,18.0,0.0,0.0,0.0,0.0,0.6529769907988027,2.37880144445075,0.0,0.0,,,,,,,N
476,693.0,O'Brien-Whitmarsh,3.0,45.0,17.0,0.0,0.0,0.0,0.0,0.6736158620447158,2.0777840961858667,0.0,0.0,,,,,,,N
477,694.0,Cartwright,3.0,45.0,11.0,0.0,0.0,0.0,0.0,0.6967725641072132,2.273216266158,0.0,0.0,,,,,,,N
478,695.0,Rak-Sakyi,3.0,45.0,6.0,0.0,0.0,0.0,0.0,0.6155911502593543,2.3184758320984002,0.0,0.0,,,,,,,N
479,696.0,George,3.0,45.0,6.0,0.0,0.0,0.0,0.006,0.6155911502593543,2.3184758320984002,0.0,0.003693546901556126,,,,,,,N
480,698.0,Mubama,4.0,45.0,13.0,0.008,0.0,0.008,0.004,0.6429007395611336,2.171691239804,0.017373529918432,0.0025716029582445346,,,,,,,N
481,701.0,Orford,3.0,45.0,19.0,0.006,0.004,0.01,0.20600000000000002,0.6416960569538712,2.310531976961,0.02310531976961,0.1321893877324975,,,,,,,N
482,707.0,Rees-Dottin,4.0,45.0,3.0,0.0,0.0,0.0,0.0,0.6532904972969671,2.3514996188373334,0.0,0.0,,,,,,,N
483,709.0,Danns,4.0,45.0,12.0,0.0,0.0,0.0,0.0,0.6247811632412176,2.23617794387575,0.0,0.0,,,,,,,N
484,710.0,Jimoh,3.0,45.0,2.0,0.0,0.0,0.0,0.0,0.6942320720647169,2.3024477963645,0.0,0.0,,,,,,,N
485,714.0,Gómez,3.0,55.0,5.0,0.0,0.005,0.005,0.0,0.6971128791053882,2.2839596766701336,0.011419798383350667,0.0,,,,,,,N
486,716.0,Kinsky,1.0,45.0,18.0,0.0,0.0,0.0,1.7,0.6529769907988027,2.37880144445075,0.0,1.1100608843579645,,,,,,,N
487,717.0,Yang,3.0,45.0,18.0,0.0,0.0,0.0,0.0,0.6529769907988027,2.37880144445075,0.0,0.0,,,,,,,N
488,720.0,Agbadou,2.0,40.0,20.0,0.0,0.005,0.005,2.63,0.6337214672598257,2.3516265897250666,0.011758132948625332,1.6666874588933416,,,,,,,N
489,722.0,Adu-Adjei,4.0,45.0,3.0,0.0,0.0,0.0,0.0,0.6532904972969671,2.3514996188373334,0.0,0.0,,,,,,,N
490,723.0,Sadi,3.0,45.0,3.0,0.0,0.0,0.0,0.0,0.6532904972969671,2.3514996188373334,0.0,0.0,,,,,,,N
491,724.0,Sherif,4.0,45.0,8.0,0.0,0.0,0.0,0.0,0.7477012663914506,2.254612534826,0.0,0.0,,,,,,,N
492,725.0,Malen,3.0,55.0,2.0,0.0,0.0,0.0,0.0,0.6942320720647169,2.3024477963645,0.0,0.0,,,,,,,N
493,728.0,Silcott-Duberry,3.0,45.0,3.0,0.0,0.0,0.0,0.0,0.6532904972969671,2.3514996188373334,0.0,0.0,,,,,,,N
494,729.0,Ajayi,3.0,45.0,18.0,0.0,0.0,0.0,0.0,0.6529769907988027,2.37880144445075,0.0,0.0,,,,,,,N
495,,,,,,,,,,,,,,445.0,12.0,0.0,False,False,1.0,Y
