,playerid,web_name,element_type,now_cost,team,expected_goals.gw,expected_assists.gw,expected_goal_involvements.gw,expected_goals_conceded.gw,XGI_Weighted,XGC_Weighted,AttackOpp_pergame,DefenceOpp_pergame
0,1.0,Fábio Vieira,3.0,54.0,1.0,0.0,0.0,0.0,0.0,0.7639006393933523,2.3104694154870766,0.0,0.0
1,2.0,G.Jesus,4.0,65.0,1.0,0.0,0.0,0.0,0.0,0.7639006393933523,2.3104694154870766,0.0,0.0
2,3.0,Gabriel,2.0,63.0,1.0,0.028000000000000004,0.030000000000000002,0.05800000000000001,0.7180000000000001,0.7639006393933523,2.3104694154870766,0.1340072260982505,0.548480659084427
3,4.0,Havertz,4.0,78.0,1.0,0.32399999999999995,0.05800000000000001,0.382,0.674,0.7639006393933523,2.3104694154870766,0.8825993167160634,0.5148690309511195
4,6.0,J.Timber,2.0,56.0,1.0,0.008,0.02,0.028000000000000004,0.7180000000000001,0.7639006393933523,2.3104694154870766,0.06469314363363816,0.548480659084427
5,7.0,Jorginho,3.0,47.0,1.0,0.0,0.0,0.0,0.01,0.7639006393933523,2.3104694154870766,0.0,0.007639006393933523
6,9.0,Martinelli,3.0,66.0,1.0,0.13599999999999998,0.054000000000000006,0.19,0.5740000000000001,0.7639006393933523,2.3104694154870766,0.43898918894254463,0.4384789670117843
7,10.0,Nelson,3.0,50.0,9.0,0.0,0.0,0.0,0.0,0.8426332948506648,2.152641600365846,0.0,0.0
8,11.0,Nketiah,4.0,59.0,7.0,0.072,0.012,0.08399999999999999,0.144,0.7752945670510193,2.2046668486575385,0.1851920152872332,0.11164241765534676
9,12.0,Nwaneri,3.0,46.0,1.0,0.088,0.11799999999999998,0.20600000000000002,0.134,0.7639006393933523,2.3104694154870766,0.47595669959033793,0.10236268567870921
10,13.0,Ødegaard,3.0,82.0,1.0,0.12199999999999998,0.29799999999999993,0.42000000000000004,0.5700000000000001,0.7639006393933523,2.3104694154870766,0.9703971545045723,0.43542336445421087
11,14.0,Ramsdale,1.0,44.0,17.0,0.0,0.002,0.002,1.658,0.8242456973578072,1.9232794912295383,0.0038465589824590767,1.3665993662192442
12,15.0,Raya,1.0,55.0,1.0,0.0,0.0,0.0,0.7180000000000001,0.7639006393933523,2.3104694154870766,0.0,0.548480659084427
13,16.0,Rice,3.0,62.0,1.0,0.062000000000000006,0.16999999999999998,0.232,0.7020000000000001,0.7639006393933523,2.3104694154870766,0.5360289043930018,0.5362582488541334
14,17.0,Saka,3.0,102.0,1.0,0.0,0.0,0.0,0.0,0.7639006393933523,2.3104694154870766,0.0,0.0
15,18.0,Saliba,2.0,62.0,1.0,0.0,0.006,0.006,0.51,0.7639006393933523,2.3104694154870766,0.013862816492922462,0.38958932609060964
16,19.0,Smith Rowe,3.0,52.0,9.0,0.33199999999999996,0.044,0.376,0.516,0.8426332948506648,2.152641600365846,0.8093932417375581,0.43479878014294304
17,20.0,Thomas,3.0,49.0,1.0,0.038,0.096,0.13399999999999998,0.708,0.7639006393933523,2.3104694154870766,0.30960290167526827,0.5408416526904933
18,23.0,Trossard,3.0,69.0,1.0,0.138,0.18,0.318,0.6660000000000001,0.7639006393933523,2.3104694154870766,0.7347292741248904,0.5087578258359726
19,27.0,Archer,4.0,50.0,17.0,0.074,0.030000000000000006,0.10400000000000001,0.37,0.8242456973578072,1.9232794912295383,0.200021067087872,0.30497090802238863
20,28.0,Bailey,3.0,62.0,2.0,0.038,0.033999999999999996,0.07200000000000001,0.27999999999999997,0.7617593036339344,2.2389252590766664,0.16120261865352,0.2132926050175016
21,29.0,Barkley,3.0,52.0,2.0,0.0,0.0,0.0,0.0,0.7617593036339344,2.2389252590766664,0.0,0.0
22,30.0,Barrenechea,3.0,49.0,2.0,0.0,0.0,0.0,0.0,0.7617593036339344,2.2389252590766664,0.0,0.0
23,31.0,Buendia,3.0,51.0,2.0,0.004,0.002,0.006000000000000001,0.11800000000000004,0.7617593036339344,2.2389252590766664,0.01343355155446,0.08988759782880427
24,33.0,Dendoncker,3.0,45.0,2.0,0.0,0.0,0.0,0.0,0.7617593036339344,2.2389252590766664,0.0,0.0
25,34.0,Diaby,3.0,65.0,2.0,0.0,0.0,0.0,0.0,0.7617593036339344,2.2389252590766664,0.0,0.0
26,36.0,Digne,2.0,46.0,2.0,0.038,0.038,0.076,1.454,0.7617593036339344,2.2389252590766664,0.17015831968982667,1.1075980274837407
27,37.0,Dobbin,3.0,50.0,2.0,0.0,0.0,0.0,0.0,0.7617593036339344,2.2389252590766664,0.0,0.0
28,38.0,Duran,4.0,57.0,2.0,0.018,0.004,0.022000000000000002,0.17400000000000002,0.7617593036339344,2.2389252590766664,0.049256355699686664,0.13254611883230458
29,41.0,Iling Jr,3.0,54.0,2.0,0.0,0.0,0.0,0.0,0.7617593036339344,2.2389252590766664,0.0,0.0
30,42.0,Kamara,3.0,50.0,2.0,0.034,0.02,0.05400000000000001,1.0859999999999999,0.7617593036339344,2.2389252590766664,0.12090196399014001,0.8272706037464527
31,44.0,Konsa,2.0,44.0,2.0,0.0,0.004,0.004,1.082,0.7617593036339344,2.2389252590766664,0.008955701036306668,0.824223566531917
32,47.0,Martinez,1.0,50.0,2.0,0.0,0.0,0.0,1.6439999999999995,0.7617593036339344,2.2389252590766664,0.0,1.252332295174188
33,48.0,McGinn,3.0,52.0,2.0,0.024000000000000004,0.03000000000000001,0.05400000000000001,0.9419999999999998,0.7617593036339344,2.2389252590766664,0.12090196399014001,0.7175772640231662
34,49.0,Mings,2.0,44.0,2.0,0.034,0.02,0.05400000000000001,1.092,0.7617593036339344,2.2389252590766664,0.12090196399014001,0.8318411595682565
35,53.0,Ramsey,3.0,54.0,2.0,0.10000000000000002,0.036,0.136,1.056,0.7617593036339344,2.2389252590766664,0.3044938352344267,0.8044178246374347
36,54.0,Rogers,3.0,57.0,2.0,0.19600000000000004,0.06999999999999999,0.266,1.59,0.7617593036339344,2.2389252590766664,0.5955541189143934,1.2111972927779557
37,57.0,Tielemans,3.0,55.0,2.0,0.17200000000000001,0.14,0.312,1.6439999999999995,0.7617593036339344,2.2389252590766664,0.6985446808319199,1.252332295174188
38,58.0,Watkins,4.0,89.0,2.0,0.442,0.044000000000000004,0.48599999999999993,1.4319999999999997,0.7617593036339344,2.2389252590766664,1.0881176759112599,1.090839322803794
39,60.0,Adams,3.0,49.0,3.0,0.0,0.028000000000000004,0.028000000000000004,1.5159999999999998,0.6726451714279664,2.159222645352,0.060458234069856,1.0197300798847972
40,61.0,Anthony,3.0,45.0,3.0,0.0,0.0,0.0,0.0,0.6726451714279664,2.159222645352,0.0,0.0
41,62.0,Brooks,3.0,49.0,3.0,0.10800000000000001,0.132,0.24000000000000002,1.186,0.6726451714279664,2.159222645352,0.51821343488448,0.7977571733135682
42,63.0,Christie,3.0,49.0,3.0,0.168,0.12200000000000003,0.29,1.3860000000000001,0.6726451714279664,2.159222645352,0.62617456715208,0.9322862075991617
43,64.0,Cook,3.0,50.0,3.0,0.004,0.064,0.068,1.5159999999999998,0.6726451714279664,2.159222645352,0.146827139883936,1.0197300798847972
44,65.0,Enes Ünal,4.0,54.0,3.0,0.0,0.0,0.0,0.0,0.6726451714279664,2.159222645352,0.0,0.0
45,66.0,Faivre,3.0,50.0,3.0,0.0,0.0,0.0,0.0,0.6726451714279664,2.159222645352,0.0,0.0
46,67.0,H.Traorè,3.0,45.0,3.0,0.0,0.0,0.0,0.0,0.6726451714279664,2.159222645352,0.0,0.0
47,69.0,Jebbison,4.0,45.0,3.0,0.041999999999999996,0.024,0.066,0.274,0.6726451714279664,2.159222645352,0.142508694593232,0.18430477697126285
48,70.0,Kerkez,2.0,50.0,3.0,0.014000000000000002,0.026000000000000002,0.04,1.5159999999999998,0.6726451714279664,2.159222645352,0.08636890581408,1.0197300798847972
49,71.0,Kluivert,3.0,60.0,3.0,0.44400000000000006,0.142,0.586,1.294,0.6726451714279664,2.159222645352,1.265304470176272,0.8704028518277886
50,74.0,O.Dango,3.0,51.0,3.0,0.41200000000000003,0.094,0.506,1.442,0.6726451714279664,2.159222645352,1.092566658548112,0.9699543371991278
51,76.0,Philip,3.0,48.0,3.0,0.0,0.0,0.0,0.0,0.6726451714279664,2.159222645352,0.0,0.0
52,77.0,Scott,3.0,47.0,3.0,0.01,0.02,0.030000000000000002,0.066,0.6726451714279664,2.159222645352,0.06477667936056,0.04439458131424579
53,78.0,Semenyo,3.0,57.0,3.0,0.264,0.11800000000000002,0.382,1.5159999999999998,0.6726451714279664,2.159222645352,0.8248230505244639,1.0197300798847972
54,80.0,Sinisterra,3.0,48.0,3.0,0.0,0.0,0.0,0.066,0.6726451714279664,2.159222645352,0.0,0.04439458131424579
55,82.0,Solanke,4.0,73.0,18.0,0.05,0.0,0.05,0.29,0.7765235679733073,2.2475316441833844,0.11237658220916923,0.22519183471225912
56,83.0,Tavernier,3.0,54.0,3.0,0.078,0.01,0.088,0.20600000000000002,0.6726451714279664,2.159222645352,0.19001159279097599,0.13856490531416113
57,85.0,Zabarnyi,2.0,44.0,3.0,0.028000000000000004,0.014000000000000002,0.041999999999999996,1.5159999999999998,0.6726451714279664,2.159222645352,0.090687351104784,1.0197300798847972
58,87.0,Brierley,3.0,44.0,4.0,0.0,0.0,0.0,0.0,0.6538794630734001,2.2175886478298463,0.0,0.0
59,88.0,Collins,2.0,45.0,4.0,0.02,0.02,0.04,1.6780000000000004,0.6538794630734001,2.2175886478298463,0.08870354591319386,1.0972097390371656
60,89.0,Damsgaard,3.0,50.0,4.0,0.086,0.20600000000000002,0.292,1.49,0.6538794630734001,2.2175886478298463,0.647535885166315,0.9742803999793662
61,90.0,Dasilva,3.0,48.0,4.0,0.0,0.0,0.0,0.0,0.6538794630734001,2.2175886478298463,0.0,0.0
62,91.0,Flekken,1.0,44.0,4.0,0.0,0.0,0.0,1.506,0.6538794630734001,2.2175886478298463,0.0,0.9847424713885407
63,94.0,Janelt,3.0,49.0,4.0,0.014000000000000002,0.046,0.060000000000000005,1.242,0.6538794630734001,2.2175886478298463,0.13305531886979077,0.812118293137163
64,95.0,Jensen,3.0,53.0,4.0,0.004,0.05,0.054000000000000006,0.716,0.6538794630734001,2.2175886478298463,0.1197497869828117,0.4681776955605545
65,97.0,Konak,3.0,44.0,4.0,0.0,0.0,0.0,0.0,0.6538794630734001,2.2175886478298463,0.0,0.0
66,98.0,Lewis-Potter,3.0,50.0,4.0,0.04,0.148,0.188,1.6780000000000004,0.6538794630734001,2.2175886478298463,0.4169066657920111,1.0972097390371656
67,99.0,Mbeumo,3.0,79.0,4.0,0.464,0.22599999999999998,0.6900000000000001,1.6780000000000004,0.6538794630734001,2.2175886478298463,1.530136167002594,1.0972097390371656
68,101.0,Nørgaard,3.0,48.0,4.0,0.066,0.038,0.10400000000000001,1.4819999999999998,0.6538794630734001,2.2175886478298463,0.23062921937430403,0.9690493642747791
69,102.0,Onyeka,3.0,49.0,4.0,0.0,0.0,0.0,0.0,0.6538794630734001,2.2175886478298463,0.0,0.0
70,103.0,Peart-Harris,3.0,45.0,4.0,0.0,0.0,0.0,0.0,0.6538794630734001,2.2175886478298463,0.0,0.0
71,106.0,Schade,3.0,51.0,4.0,0.22599999999999998,0.068,0.294,0.828,0.6538794630734001,2.2175886478298463,0.6519710624619748,0.5414121954247754
72,107.0,Thiago,4.0,59.0,4.0,0.0,0.0,0.0,0.0,0.6538794630734001,2.2175886478298463,0.0,0.0
73,108.0,Toney,4.0,73.0,4.0,0.0,0.0,0.0,0.0,0.6538794630734001,2.2175886478298463,0.0,0.0
74,110.0,Wissa,4.0,63.0,4.0,0.6500000000000001,0.12199999999999998,0.772,1.6780000000000004,0.6538794630734001,2.2175886478298463,1.7119784361246413,1.0972097390371656
75,111.0,Yarmoliuk,3.0,44.0,4.0,0.014000000000000002,0.004,0.018,0.8819999999999999,0.6538794630734001,2.2175886478298463,0.03991659566093723,0.576721686430739
76,113.0,Adingra,3.0,51.0,5.0,0.04,0.022,0.062000000000000006,0.542,0.7709063458998654,2.307701525489846,0.14307749458037045,0.4178312394777271
77,114.0,Baker-Boaitey,3.0,45.0,5.0,0.0,0.0,0.0,0.0,0.7709063458998654,2.307701525489846,0.0,0.0
78,115.0,Baleba,3.0,50.0,5.0,0.03200000000000001,0.022,0.054000000000000006,0.6319999999999999,0.7709063458998654,2.307701525489846,0.1246158823764517,0.487212810608715
79,117.0,Buonanotte,3.0,47.0,11.0,0.012,0.062000000000000006,0.074,0.51,0.7790965090852275,2.4357142083781538,0.18024285141998336,0.3973392196334661
80,118.0,Cozier-Duberry,3.0,45.0,5.0,0.0,0.0,0.0,0.0,0.7709063458998654,2.307701525489846,0.0,0.0
81,119.0,Dahoud,3.0,49.0,5.0,0.0,0.0,0.0,0.0,0.7709063458998654,2.307701525489846,0.0,0.0
82,120.0,Dunk,2.0,42.0,5.0,0.0,0.022,0.022,1.1480000000000001,0.7709063458998654,2.307701525489846,0.05076943356077661,0.8850004850930457
83,121.0,Enciso,3.0,54.0,10.0,0.086,0.05600000000000001,0.142,0.21000000000000002,0.6813662510649073,2.2586428499326154,0.3207272846904313,0.14308691272363055
84,123.0,Ferguson,4.0,55.0,19.0,0.024,0.048,0.072,0.04,0.7054887921266436,2.3941078140553844,0.17237576261198767,0.02821955168506575
85,124.0,Gilmour,3.0,50.0,5.0,0.0,0.0,0.0,0.0,0.7709063458998654,2.307701525489846,0.0,0.0
86,125.0,Gross,3.0,65.0,5.0,0.0,0.0,0.0,0.0,0.7709063458998654,2.307701525489846,0.0,0.0
87,126.0,Hinshelwood,3.0,49.0,5.0,0.01,0.014000000000000002,0.024,0.314,0.7709063458998654,2.307701525489846,0.055384836611756305,0.24206459261255775
88,127.0,I.Osman,3.0,50.0,5.0,0.0,0.0,0.0,0.0,0.7709063458998654,2.307701525489846,0.0,0.0
89,129.0,João Pedro,4.0,55.0,5.0,0.152,0.066,0.21800000000000003,0.722,0.7709063458998654,2.307701525489846,0.5030789325567865,0.5565943817397028
90,130.0,Kozlowski,3.0,45.0,5.0,0.0,0.0,0.0,0.0,0.7709063458998654,2.307701525489846,0.0,0.0
91,132.0,March,3.0,65.0,5.0,0.0,0.004,0.004,0.076,0.7709063458998654,2.307701525489846,0.009230806101959385,0.05858888228838977
92,133.0,Mazilu,3.0,45.0,5.0,0.0,0.0,0.0,0.0,0.7709063458998654,2.307701525489846,0.0,0.0
93,134.0,Milner,3.0,50.0,5.0,0.0,0.0,0.0,0.0,0.7709063458998654,2.307701525489846,0.0,0.0
94,135.0,Minteh,3.0,50.0,5.0,0.27,0.24399999999999997,0.514,1.016,0.7709063458998654,2.307701525489846,1.1861585841017808,0.7832408474342633
95,136.0,Mitoma,3.0,63.0,5.0,0.252,0.08600000000000001,0.338,0.8300000000000001,0.7709063458998654,2.307701525489846,0.7800031156155681,0.6398522670968885
96,137.0,Moder,3.0,44.0,5.0,0.0,0.0,0.0,0.0,0.7709063458998654,2.307701525489846,0.0,0.0
97,138.0,O’Mahony,4.0,45.0,5.0,0.0,0.0,0.0,0.0,0.7709063458998654,2.307701525489846,0.0,0.0
98,140.0,Peupion,3.0,44.0,5.0,0.0,0.0,0.0,0.0,0.7709063458998654,2.307701525489846,0.0,0.0
99,141.0,Sarmiento,3.0,49.0,5.0,0.0,0.0,0.0,0.0,0.7709063458998654,2.307701525489846,0.0,0.0
100,143.0,Undav,4.0,55.0,5.0,0.0,0.0,0.0,0.0,0.7709063458998654,2.307701525489846,0.0,0.0
101,144.0,Van Hecke,2.0,45.0,5.0,0.028000000000000004,0.054000000000000006,0.082,1.314,0.7709063458998654,2.307701525489846,0.18923152509016739,1.0129709385124233
102,145.0,Veltman,2.0,44.0,5.0,0.068,0.036,0.10400000000000001,1.314,0.7709063458998654,2.307701525489846,0.240000958650944,1.0129709385124233
103,146.0,Verbruggen,1.0,45.0,5.0,0.0,0.002,0.002,1.314,0.7709063458998654,2.307701525489846,0.004615403050979692,1.0129709385124233
104,148.0,Welbeck,4.0,55.0,5.0,0.10200000000000001,0.098,0.2,1.03,0.7709063458998654,2.307701525489846,0.4615403050979693,0.7940335362768616
105,149.0,Wieffer,3.0,47.0,5.0,0.0,0.0,0.0,0.0,0.7709063458998654,2.307701525489846,0.0,0.0
106,150.0,Andrey Santos,3.0,45.0,6.0,0.0,0.0,0.0,0.0,0.7279899171675848,2.305121094282769,0.0,0.0
107,151.0,Ângelo,3.0,45.0,6.0,0.0,0.0,0.0,0.0,0.7279899171675848,2.305121094282769,0.0,0.0
108,152.0,Arrizabalaga,1.0,46.0,3.0,0.0,0.0,0.0,1.016,0.6726451714279664,2.159222645352,0.0,0.683407494170814
109,156.0,Broja,4.0,54.0,8.0,0.0,0.0,0.0,0.0,0.8028567148965358,2.2280439535744616,0.0,0.0
110,157.0,Caicedo,3.0,49.0,6.0,0.004,0.018,0.022,1.2360000000000002,0.7279899171675848,2.305121094282769,0.05071266407422092,0.8997955376191348
111,158.0,Casadei,3.0,44.0,6.0,0.0,0.0,0.0,0.0,0.7279899171675848,2.305121094282769,0.0,0.0
112,161.0,Chukwuemeka,3.0,47.0,6.0,0.0,0.0,0.0,0.0,0.7279899171675848,2.305121094282769,0.0,0.0
113,162.0,Colwill,2.0,44.0,6.0,0.032,0.006,0.038,1.2639999999999998,0.7279899171675848,2.305121094282769,0.08759460158274522,0.9201792552998271
114,163.0,Cucurella,2.0,51.0,6.0,0.22400000000000003,0.06999999999999999,0.294,1.436,0.7279899171675848,2.305121094282769,0.6777056017191341,1.045393521052652
115,164.0,D.D.Fofana,4.0,54.0,6.0,0.0,0.0,0.0,0.0,0.7279899171675848,2.305121094282769,0.0,0.0
116,165.0,Deivid,4.0,49.0,6.0,0.0,0.0,0.0,0.0,0.7279899171675848,2.305121094282769,0.0,0.0
117,166.0,Dewsbury-Hall,3.0,55.0,6.0,0.044,0.028000000000000004,0.072,0.292,0.7279899171675848,2.305121094282769,0.16596871878835937,0.21257305581293476
118,168.0,Enzo,3.0,47.0,6.0,0.14800000000000002,0.074,0.22199999999999998,1.2639999999999998,0.7279899171675848,2.305121094282769,0.5117368829307747,0.9201792552998271
119,169.0,Gallagher,3.0,59.0,6.0,0.0,0.0,0.0,0.0,0.7279899171675848,2.305121094282769,0.0,0.0
120,173.0,Kellyman,3.0,43.0,6.0,0.0,0.0,0.0,0.0,0.7279899171675848,2.305121094282769,0.0,0.0
121,174.0,Lavia,3.0,45.0,6.0,0.0,0.002,0.002,0.194,0.7279899171675848,2.305121094282769,0.004610242188565539,0.14123004393051147
122,175.0,Lukaku,4.0,63.0,6.0,0.0,0.0,0.0,0.0,0.7279899171675848,2.305121094282769,0.0,0.0
123,177.0,Madueke,3.0,61.0,6.0,0.48000000000000004,0.176,0.6559999999999999,0.9600000000000001,0.7279899171675848,2.305121094282769,1.5121594378494965,0.6988703204808815
124,178.0,Marc Guiu,4.0,47.0,6.0,0.0,0.004,0.004,0.186,0.7279899171675848,2.305121094282769,0.009220484377131077,0.13540612459317078
125,179.0,Mudryk,3.0,61.0,6.0,0.0,0.0,0.0,0.0,0.7279899171675848,2.305121094282769,0.0,0.0
126,180.0,N.Jackson,4.0,77.0,6.0,0.34400000000000003,0.18,0.5239999999999999,0.8799999999999998,0.7279899171675848,2.305121094282769,1.207883453404171,0.6406311271074745
127,181.0,Nkunku,3.0,57.0,6.0,0.0,0.026000000000000002,0.026000000000000002,0.5279999999999999,0.7279899171675848,2.305121094282769,0.059933148451352,0.3843786762644847
128,182.0,Palmer,3.0,112.0,6.0,0.27999999999999997,0.292,0.572,1.3299999999999998,0.7279899171675848,2.305121094282769,1.3185292659297438,0.9682265898328877
129,184.0,Renato Veiga,3.0,44.0,6.0,0.0,0.0,0.0,0.0,0.7279899171675848,2.305121094282769,0.0,0.0
130,186.0,Sterling,3.0,67.0,1.0,0.078,0.024,0.10200000000000001,0.13599999999999998,0.7639006393933523,2.3104694154870766,0.23566788037968187,0.1038904869574959
131,188.0,Ugochukwu,3.0,44.0,17.0,0.014000000000000002,0.052000000000000005,0.066,1.75,0.8242456973578072,1.9232794912295383,0.12693644642114954,1.4424299703761627
132,190.0,Ahamada,3.0,45.0,7.0,0.0,0.0,0.0,0.0,0.7752945670510193,2.2046668486575385,0.0,0.0
133,191.0,Andersen,2.0,42.0,9.0,0.022,0.030000000000000002,0.052000000000000005,0.568,0.8426332948506648,2.152641600365846,0.111937363219024,0.4786157114751776
134,192.0,J.Ayew,3.0,52.0,11.0,0.096,0.074,0.16999999999999998,1.18,0.7790965090852275,2.4357142083781538,0.41407141542428616,0.9193338807205684
135,193.0,C.Doucouré,3.0,49.0,7.0,0.0,0.004,0.004,0.176,0.7752945670510193,2.2046668486575385,0.008818667394630154,0.13645184380097938
136,194.0,C.Richards,2.0,44.0,7.0,0.036,0.014000000000000002,0.05,1.058,0.7752945670510193,2.2046668486575385,0.11023334243287694,0.8202616519399784
137,197.0,Ebiowei,3.0,45.0,7.0,0.0,0.0,0.0,0.0,0.7752945670510193,2.2046668486575385,0.0,0.0
138,198.0,Edouard,4.0,51.0,11.0,0.0,0.0,0.0,0.0,0.7790965090852275,2.4357142083781538,0.0,0.0
139,199.0,Eze,3.0,67.0,7.0,0.12199999999999998,0.16599999999999998,0.288,0.8140000000000001,0.7752945670510193,2.2046668486575385,0.634944052413371,0.6310897775795297
140,200.0,Guéhi,2.0,46.0,7.0,0.05,0.132,0.182,1.1179999999999999,0.7752945670510193,2.2046668486575385,0.401249366455672,0.8667793259630394
141,201.0,Henderson,1.0,45.0,7.0,0.0,0.002,0.002,1.1179999999999999,0.7752945670510193,2.2046668486575385,0.004409333697315077,0.8667793259630394
142,203.0,Hughes,3.0,49.0,7.0,0.028000000000000004,0.048,0.076,0.908,0.7752945670510193,2.2046668486575385,0.16755468049797292,0.7039674668823254
143,205.0,Kamada,3.0,51.0,7.0,0.014000000000000002,0.046,0.060000000000000005,0.43000000000000005,0.7752945670510193,2.2046668486575385,0.1322800109194523,0.33337666383193826
144,206.0,Lerma,3.0,48.0,7.0,0.022,0.052000000000000005,0.074,0.7460000000000002,0.7752945670510193,2.2046668486575385,0.16314534680065781,0.5783697470200604
145,207.0,Mateta,4.0,73.0,7.0,0.942,0.23399999999999999,1.176,1.068,0.7752945670510193,2.2046668486575385,2.592688214021265,0.8280145976104886
146,208.0,M.França,3.0,44.0,7.0,0.0,0.0,0.0,0.0,0.7752945670510193,2.2046668486575385,0.0,0.0
147,210.0,Mitchell,2.0,48.0,7.0,0.05800000000000001,0.064,0.12199999999999998,0.994,0.7752945670510193,2.2046668486575385,0.2689693555362197,0.770642799648713
148,211.0,Muñoz,2.0,48.0,7.0,0.036,0.21799999999999997,0.254,1.1179999999999999,0.7752945670510193,2.2046668486575385,0.5599853795590147,0.8667793259630394
149,212.0,Ozoh,3.0,45.0,7.0,0.0,0.0,0.0,0.0,0.7752945670510193,2.2046668486575385,0.0,0.0
150,213.0,Rak-Sakyi,3.0,45.0,7.0,0.0,0.0,0.0,0.0,0.7752945670510193,2.2046668486575385,0.0,0.0
151,214.0,Schlupp,3.0,46.0,7.0,0.0,0.012,0.012,0.0,0.7752945670510193,2.2046668486575385,0.02645600218389046,0.0
152,216.0,Wharton,3.0,47.0,7.0,0.0,0.014000000000000002,0.014000000000000002,0.16399999999999998,0.7752945670510193,2.2046668486575385,0.030865335881205543,0.12714830899636714
153,217.0,A.Doucoure,3.0,51.0,8.0,0.21399999999999997,0.036,0.25,0.796,0.8028567148965358,2.2280439535744616,0.5570109883936154,0.6390739450576426
154,218.0,Beto,4.0,49.0,8.0,0.368,0.014000000000000002,0.382,0.662,0.8028567148965358,2.2280439535744616,0.8511127902654443,0.5314911452615068
155,219.0,Branthwaite,2.0,48.0,8.0,0.074,0.012,0.08600000000000001,1.152,0.8028567148965358,2.2280439535744616,0.1916117800074037,0.9248909355608093
156,220.0,Calvert-Lewin,4.0,54.0,8.0,0.27999999999999997,0.01,0.29,0.4820000000000001,0.8028567148965358,2.2280439535744616,0.6461327465365938,0.38697693658013027
157,222.0,Gana,3.0,48.0,8.0,0.02,0.058,0.078,1.138,0.8028567148965358,2.2280439535744616,0.173787428378808,0.9136509415522577
158,223.0,Garner,3.0,49.0,8.0,0.008,0.11800000000000002,0.126,0.528,0.8028567148965358,2.2280439535744616,0.28073353815038216,0.42390834546537093
159,224.0,Harrison,3.0,52.0,8.0,0.032,0.088,0.12000000000000001,0.688,0.8028567148965358,2.2280439535744616,0.2673652744289354,0.5523654198488166
160,226.0,Iroegbunam,3.0,43.0,8.0,0.004,0.01,0.014000000000000002,0.052000000000000005,0.8028567148965358,2.2280439535744616,0.031192615350042467,0.04174854917461986
161,229.0,Maupay,4.0,49.0,8.0,0.0,0.0,0.0,0.0,0.8028567148965358,2.2280439535744616,0.0,0.0
162,230.0,McNeil,3.0,51.0,8.0,0.0,0.0,0.0,0.0,0.8028567148965358,2.2280439535744616,0.0,0.0
163,231.0,Mykolenko,2.0,44.0,8.0,0.018,0.10800000000000001,0.126,1.142,0.8028567148965358,2.2280439535744616,0.28073353815038216,0.9168623684118439
164,232.0,Ndiaye,4.0,55.0,8.0,0.352,0.032,0.384,0.622,0.8028567148965358,2.2280439535744616,0.8555688781725933,0.4993768766656453
165,233.0,Onana,3.0,48.0,2.0,0.01,0.008,0.018000000000000002,0.36599999999999994,0.7617593036339344,2.2389252590766664,0.04030065466338,0.27880390513002
166,235.0,Pickford,1.0,51.0,8.0,0.0,0.008,0.008,1.152,0.8028567148965358,2.2280439535744616,0.017824351628595695,0.9248909355608093
167,236.0,Tarkowski,2.0,48.0,8.0,0.064,0.136,0.2,1.152,0.8028567148965358,2.2280439535744616,0.44560879071489234,0.9248909355608093
168,237.0,Y. Chermiti,4.0,49.0,8.0,0.0,0.0,0.0,0.0,0.8028567148965358,2.2280439535744616,0.0,0.0
169,239.0,Adama,3.0,46.0,9.0,0.148,0.21200000000000002,0.36,0.288,0.8426332948506648,2.152641600365846,0.7749509761317046,0.24267838891699148
170,240.0,Andreas,3.0,49.0,9.0,0.030000000000000002,0.112,0.142,0.2,0.8426332948506648,2.152641600365846,0.30567510725195013,0.16852665897013297
171,241.0,Bassey,2.0,45.0,9.0,0.12000000000000001,0.014000000000000002,0.134,0.568,0.8426332948506648,2.152641600365846,0.2884539744490234,0.4786157114751776
172,243.0,Cairney,3.0,48.0,9.0,0.014000000000000002,0.004,0.018,0.028000000000000004,0.8426332948506648,2.152641600365846,0.03874754880658522,0.023593732255818622
173,244.0,Castagne,2.0,42.0,9.0,0.006,0.018,0.024,0.568,0.8426332948506648,2.152641600365846,0.05166339840878031,0.4786157114751776
174,246.0,Harris,3.0,45.0,9.0,0.0,0.0,0.0,0.0,0.8426332948506648,2.152641600365846,0.0,0.0
175,247.0,Iwobi,3.0,57.0,9.0,0.094,0.238,0.33199999999999996,0.4939999999999999,0.8426332948506648,2.152641600365846,0.7146770113214609,0.4162608476562284
176,248.0,Leno,1.0,50.0,9.0,0.0,0.0,0.0,0.568,0.8426332948506648,2.152641600365846,0.0,0.4786157114751776
177,249.0,Lukić,3.0,48.0,9.0,0.148,0.086,0.23399999999999999,0.562,0.8426332948506648,2.152641600365846,0.5037181344856079,0.47355991170607376
178,251.0,Muniz,4.0,55.0,9.0,0.292,0.0,0.292,0.078,0.8426332948506648,2.152641600365846,0.6285713473068271,0.06572539699835186
179,252.0,Raúl,4.0,56.0,9.0,0.336,0.05800000000000001,0.394,0.512,0.8426332948506648,2.152641600365846,0.8481407905441434,0.43142824696354043
180,254.0,Reed,3.0,47.0,9.0,0.026000000000000002,0.0,0.026000000000000002,0.006,0.8426332948506648,2.152641600365846,0.055968681609512,0.005055799769103989
181,255.0,Robinson,2.0,51.0,9.0,0.038,0.10200000000000001,0.13999999999999999,0.568,0.8426332948506648,2.152641600365846,0.3013698240512184,0.4786157114751776
182,256.0,Stansfield,4.0,50.0,9.0,0.0,0.0,0.0,0.0,0.8426332948506648,2.152641600365846,0.0,0.0
183,258.0,Vinicius,4.0,50.0,9.0,0.0,0.0,0.0,0.0,0.8426332948506648,2.152641600365846,0.0,0.0
184,259.0,Wilson,3.0,52.0,9.0,0.05800000000000001,0.10400000000000001,0.16199999999999998,0.306,0.8426332948506648,2.152641600365846,0.348727939259267,0.2578457882243035
185,260.0,Al-Hamadi,4.0,47.0,10.0,0.0,0.0,0.0,0.0,0.6813662510649073,2.2586428499326154,0.0,0.0
186,262.0,Broadhead,3.0,49.0,10.0,0.072,0.028000000000000004,0.1,0.3,0.6813662510649073,2.2586428499326154,0.22586428499326153,0.2044098753194722
187,264.0,Burns,3.0,48.0,10.0,0.028000000000000004,0.006,0.034,0.21799999999999997,0.6813662510649073,2.2586428499326154,0.07679385689770893,0.1485378427321498
188,265.0,Chaplin,3.0,51.0,10.0,0.0,0.0,0.0,0.0,0.6813662510649073,2.2586428499326154,0.0,0.0
189,267.0,Davis,2.0,44.0,10.0,0.022,0.026000000000000002,0.048,1.2319999999999998,0.6813662510649073,2.2586428499326154,0.10841485679676555,0.8394432213119656
190,268.0,Delap,4.0,56.0,10.0,0.25799999999999995,0.052000000000000005,0.31,1.7100000000000004,0.6813662510649073,2.2586428499326154,0.7001792834791107,1.1651362893209916
191,270.0,Greaves,2.0,39.0,10.0,0.05,0.012,0.062000000000000006,1.2559999999999998,0.6813662510649073,2.2586428499326154,0.14003585669582216,0.8557960113375234
192,271.0,Harness,3.0,49.0,10.0,0.0,0.0,0.0,0.0,0.6813662510649073,2.2586428499326154,0.0,0.0
193,272.0,Hirst,4.0,54.0,10.0,0.04,0.0,0.04,0.152,0.6813662510649073,2.2586428499326154,0.09034571399730461,0.10356767016186591
194,273.0,Humphreys,3.0,45.0,10.0,0.0,0.0,0.0,0.0,0.6813662510649073,2.2586428499326154,0.0,0.0
195,274.0,Hutchinson,3.0,52.0,10.0,0.060000000000000005,0.04,0.1,1.8239999999999996,0.6813662510649073,2.2586428499326154,0.22586428499326153,1.242812041942391
196,276.0,Ladapo,4.0,45.0,10.0,0.0,0.0,0.0,0.0,0.6813662510649073,2.2586428499326154,0.0,0.0
197,277.0,Luongo,3.0,44.0,10.0,0.0,0.002,0.002,0.24399999999999997,0.6813662510649073,2.2586428499326154,0.004517285699865231,0.1662533652598374
198,278.0,Morsy,3.0,49.0,10.0,0.004,0.012,0.016,1.21,0.6813662510649073,2.2586428499326154,0.03613828559892185,0.8244531637885378
199,281.0,Taylor,3.0,48.0,10.0,0.0,0.0,0.0,0.13999999999999999,0.6813662510649073,2.2586428499326154,0.0,0.09539127514908702
200,285.0,B.Soumaré,3.0,44.0,11.0,0.026000000000000002,0.044,0.06999999999999999,1.778,0.7790965090852275,2.4357142083781538,0.17049999458647075,1.3852335931535344
201,286.0,Cannon,4.0,45.0,11.0,0.0,0.0,0.0,0.0,0.7790965090852275,2.4357142083781538,0.0,0.0
202,287.0,Choudhury,3.0,44.0,11.0,0.0,0.0,0.0,0.0,0.7790965090852275,2.4357142083781538,0.0,0.0
203,289.0,Daka,4.0,48.0,11.0,0.058,0.004,0.062000000000000006,0.44399999999999995,0.7790965090852275,2.4357142083781538,0.15101428091944552,0.34591885003384104
204,290.0,De Cordova-Reid,3.0,52.0,11.0,0.006,0.01,0.016,0.762,0.7790965090852275,2.4357142083781538,0.038971427334050464,0.5936715399229434
205,291.0,Faes,2.0,39.0,11.0,0.04,0.032,0.072,1.778,0.7790965090852275,2.4357142083781538,0.17537142300322708,1.3852335931535344
206,292.0,Golding,3.0,44.0,11.0,0.0,0.0,0.0,0.0,0.7790965090852275,2.4357142083781538,0.0,0.0
207,295.0,Justin,2.0,41.0,11.0,0.05,0.032,0.082,1.444,0.7790965090852275,2.4357142083781538,0.19972856508700862,1.1250153591190686
208,296.0,Kristiansen,2.0,44.0,11.0,0.02,0.092,0.11200000000000002,1.778,0.7790965090852275,2.4357142083781538,0.27279999133835325,1.3852335931535344
209,297.0,Marcal,3.0,45.0,11.0,0.0,0.0,0.0,0.0,0.7790965090852275,2.4357142083781538,0.0,0.0
210,298.0,Mavididi,3.0,50.0,11.0,0.04,0.052000000000000005,0.092,0.9759999999999999,0.7790965090852275,2.4357142083781538,0.22408570717079015,0.7603981928671821
211,299.0,McAteer,3.0,47.0,11.0,0.0,0.024,0.024,0.192,0.7790965090852275,2.4357142083781538,0.05845714100107569,0.14958652974436368
212,300.0,Ndidi,3.0,49.0,11.0,0.022,0.0,0.022,0.16999999999999998,0.7790965090852275,2.4357142083781538,0.053585712584319385,0.13244640654448867
213,306.0,Vardy,4.0,54.0,11.0,0.42799999999999994,0.018,0.446,1.59,0.7790965090852275,2.4357142083781538,1.0863285369366567,1.238763449445512
214,307.0,Vestergaard,2.0,39.0,11.0,0.0,0.002,0.002,1.344,0.7790965090852275,2.4357142083781538,0.004871428416756308,1.047105708210546
215,309.0,Winks,3.0,44.0,11.0,0.01,0.02,0.030000000000000002,1.31,0.7790965090852275,2.4357142083781538,0.0730714262513446,1.0206164269016482
216,310.0,A.Becker,1.0,55.0,12.0,0.0,0.0,0.0,1.26,0.7284144770922055,2.0358301997983332,0.0,0.917802241136179
217,311.0,Alexander-Arnold,2.0,74.0,12.0,0.128,0.34,0.46799999999999997,0.9,0.7284144770922055,2.0358301997983332,0.95276853350562,0.655573029382985
218,312.0,Bajcetic,3.0,45.0,12.0,0.0,0.0,0.0,0.0,0.7284144770922055,2.0358301997983332,0.0,0.0
219,314.0,Carvalho,3.0,45.0,4.0,0.05600000000000001,0.0,0.05600000000000001,0.052000000000000005,0.6538794630734001,2.2175886478298463,0.1241849642784714,0.03400173207981681
220,315.0,Clark,3.0,45.0,12.0,0.0,0.0,0.0,0.0,0.7284144770922055,2.0358301997983332,0.0,0.0
221,316.0,Darwin,4.0,70.0,12.0,0.32199999999999995,0.012000000000000002,0.3339999999999999,0.38000000000000006,0.7284144770922055,2.0358301997983332,0.6799672867326433,0.27679750129503816
222,317.0,Diogo J.,3.0,72.0,12.0,0.4360000000000001,0.084,0.5199999999999999,0.3960000000000001,0.7284144770922055,2.0358301997983332,1.0586317038951332,0.2884521329285134
223,318.0,Doak,3.0,45.0,12.0,0.0,0.0,0.0,0.0,0.7284144770922055,2.0358301997983332,0.0,0.0
224,319.0,Elliott,3.0,52.0,12.0,0.006000000000000001,0.039999999999999994,0.046000000000000006,0.10600000000000002,0.7284144770922055,2.0358301997983332,0.09364818919072333,0.07721193457177379
225,320.0,Endo,3.0,46.0,12.0,0.0,0.002,0.002,0.12,0.7284144770922055,2.0358301997983332,0.004071660399596667,0.08740973725106466
226,321.0,Gakpo,4.0,76.0,12.0,0.338,0.17200000000000001,0.51,0.558,0.7284144770922055,2.0358301997983332,1.03827340189715,0.4064552782174507
227,323.0,Gravenberch,3.0,50.0,12.0,0.034,0.15799999999999997,0.19200000000000003,1.1320000000000001,0.7284144770922055,2.0358301997983332,0.39087939836128,0.8245651880683768
228,324.0,Jones,3.0,53.0,12.0,0.10400000000000002,0.064,0.168,0.32599999999999996,0.7284144770922055,2.0358301997983332,0.34201947356612,0.23746311953205898
229,326.0,Konaté,2.0,52.0,12.0,0.03,0.122,0.152,1.036,0.7284144770922055,2.0358301997983332,0.3094461903693467,0.754637398267525
230,327.0,Luis Díaz,3.0,75.0,12.0,0.34800000000000003,0.09800000000000002,0.446,0.9800000000000001,0.7284144770922055,2.0358301997983332,0.9079802691100567,0.7138461875503616
231,328.0,M.Salah,3.0,137.0,12.0,0.666,0.304,0.9700000000000001,1.25,0.7284144770922055,2.0358301997983332,1.9747552938043833,0.9105180963652569
232,329.0,Mac Allister,3.0,62.0,12.0,0.13999999999999999,0.10600000000000002,0.246,1.012,0.7284144770922055,2.0358301997983332,0.50081422915039,0.737155450817312
233,330.0,McConnell,3.0,44.0,12.0,0.0,0.0,0.0,0.0,0.7284144770922055,2.0358301997983332,0.0,0.0
234,331.0,Morton,3.0,44.0,12.0,0.0,0.0,0.0,0.0,0.7284144770922055,2.0358301997983332,0.0,0.0
235,335.0,Robertson,2.0,59.0,12.0,0.01,0.242,0.252,1.134,0.7284144770922055,2.0358301997983332,0.5130292103491799,0.8260220170225611
236,336.0,Szoboszlai,3.0,63.0,12.0,0.36999999999999994,0.284,0.654,1.152,0.7284144770922055,2.0358301997983332,1.33143295066811,0.8391334776102207
237,338.0,Van den Berg,2.0,41.0,4.0,0.036,0.006,0.041999999999999996,1.6260000000000001,0.6538794630734001,2.2175886478298463,0.09313872320885354,1.0632080069573489
238,339.0,Virgil,2.0,64.0,12.0,0.05000000000000001,0.066,0.11600000000000003,1.26,0.7284144770922055,2.0358301997983332,0.2361563031766067,0.917802241136179
239,340.0,Akanji,2.0,53.0,13.0,0.06999999999999999,0.02,0.09,1.19,0.7309526668016265,2.296737336202769,0.2067063602582492,0.8698336734939356
240,342.0,Bernardo,3.0,62.0,13.0,0.0,0.028000000000000004,0.028000000000000004,1.076,0.7309526668016265,2.296737336202769,0.06430864541367755,0.7865050694785503
241,343.0,Bobb,3.0,47.0,13.0,0.0,0.0,0.0,0.0,0.7309526668016265,2.296737336202769,0.0,0.0
242,345.0,De Bruyne,3.0,93.0,13.0,0.064,0.146,0.21000000000000002,0.6900000000000001,0.7309526668016265,2.296737336202769,0.48231484060258156,0.5043573400931224
243,346.0,Doku,3.0,62.0,13.0,0.016,0.064,0.08,0.116,0.7309526668016265,2.296737336202769,0.18373898689622156,0.08479050934898869
244,348.0,Foden,3.0,93.0,13.0,0.366,0.13799999999999998,0.504,1.1700000000000002,0.7309526668016265,2.296737336202769,1.1575556174461956,0.8552146201579032
245,349.0,Grealish,3.0,64.0,13.0,0.0,0.004,0.004,0.004,0.7309526668016265,2.296737336202769,0.009186949344811077,0.0029238106672065064
246,350.0,Gvardiol,2.0,59.0,13.0,0.294,0.038,0.33199999999999996,1.2879999999999998,0.7309526668016265,2.296737336202769,0.7625167956193194,0.9414670348404949
247,351.0,Haaland,4.0,147.0,13.0,0.512,0.1,0.612,1.286,0.7309526668016265,2.296737336202769,1.4056032497560946,0.9400051295068917
248,352.0,J.Alvarez,4.0,70.0,13.0,0.0,0.0,0.0,0.0,0.7309526668016265,2.296737336202769,0.0,0.0
249,354.0,Kovačić,3.0,54.0,13.0,0.052000000000000005,0.16,0.21200000000000002,0.9559999999999997,0.7309526668016265,2.296737336202769,0.4869083152749871,0.6987907494623549
250,356.0,Matheus N.,3.0,49.0,13.0,0.072,0.076,0.148,1.192,0.7309526668016265,2.296737336202769,0.3399171257580098,0.8712955788275388
251,357.0,McAtee,3.0,46.0,13.0,0.262,0.002,0.26399999999999996,0.12199999999999998,0.7309526668016265,2.296737336202769,0.606338656757531,0.08917622534979844
252,359.0,Phillips,3.0,48.0,10.0,0.012,0.014,0.026000000000000002,1.074,0.6813662510649073,2.2586428499326154,0.058724714098248004,0.7317873536437105
253,360.0,Rodrigo,3.0,62.0,13.0,0.0,0.0,0.0,0.0,0.7309526668016265,2.296737336202769,0.0,0.0
254,364.0,Amad,3.0,55.0,14.0,0.32399999999999995,0.22199999999999998,0.546,1.344,0.676694575677679,2.30202807892,1.25690733109032,0.9094775097108005
255,365.0,Antony,3.0,57.0,14.0,0.068,0.02,0.088,0.052000000000000005,0.676694575677679,2.30202807892,0.20257847094495998,0.03518811793523931
256,366.0,B.Fernandes,3.0,83.0,14.0,0.32599999999999996,0.202,0.528,1.7899999999999996,0.676694575677679,2.30202807892,1.2154708256697602,1.2112832904630453
257,368.0,Casemiro,3.0,47.0,14.0,0.04,0.038,0.078,0.42800000000000005,0.676694575677679,2.30202807892,0.17955819015576,0.28962527839004665
258,369.0,Dalot,2.0,50.0,14.0,0.098,0.041999999999999996,0.13999999999999999,1.4860000000000002,0.676694575677679,2.30202807892,0.3222839310488,1.0055681394570308
259,370.0,Eriksen,3.0,52.0,14.0,0.0,0.072,0.072,0.12000000000000002,0.676694575677679,2.30202807892,0.16574602168223998,0.08120334908132149
260,372.0,Garnacho,3.0,59.0,14.0,0.262,0.10600000000000001,0.368,1.384,0.676694575677679,2.30202807892,0.8471463330425599,0.9365452927379075
261,373.0,Hannibal,3.0,45.0,14.0,0.0,0.0,0.0,0.0,0.676694575677679,2.30202807892,0.0,0.0
262,375.0,Højlund,4.0,69.0,14.0,0.072,0.038,0.11000000000000001,0.8680000000000001,0.676694575677679,2.30202807892,0.2532230886812,0.5873708916882253
263,377.0,Maguire,2.0,49.0,14.0,0.024,0.008,0.03200000000000001,1.4940000000000002,0.676694575677679,2.30202807892,0.07366489852544002,1.0109816960624527
264,378.0,Mainoo,3.0,52.0,14.0,0.006,0.046,0.052000000000000005,1.066,0.676694575677679,2.30202807892,0.11970546010384,0.7213564176724058
265,381.0,McTominay,3.0,49.0,14.0,0.0,0.0,0.0,0.0,0.676694575677679,2.30202807892,0.0,0.0
266,382.0,Mount,3.0,63.0,14.0,0.0,0.0,0.0,0.0,0.676694575677679,2.30202807892,0.0,0.0
267,383.0,Onana,1.0,50.0,14.0,0.0,0.0,0.0,1.7899999999999996,0.676694575677679,2.30202807892,0.0,1.2112832904630453
268,384.0,Pellistri,3.0,50.0,14.0,0.0,0.0,0.0,0.0,0.676694575677679,2.30202807892,0.0,0.0
269,385.0,Rashford,3.0,66.0,2.0,0.046000000000000006,0.16399999999999998,0.21000000000000005,0.36000000000000004,0.7617593036339344,2.2389252590766664,0.47017430440610003,0.27423334930821636
270,386.0,Sancho,3.0,62.0,6.0,0.094,0.044,0.138,1.066,0.7279899171675848,2.305121094282769,0.31810671101102217,0.7760372517006455
271,388.0,Wan-Bissaka,2.0,44.0,19.0,0.008,0.05600000000000001,0.064,1.48,0.7054887921266436,2.3941078140553844,0.15322290009954462,1.0441234123474326
272,389.0,Zirkzee,4.0,65.0,14.0,0.134,0.042,0.176,1.0719999999999998,0.676694575677679,2.30202807892,0.40515694188991996,0.7254165851264717
273,391.0,Almirón,3.0,54.0,15.0,0.01,0.006,0.016,0.172,0.7564224490338411,2.2023397117535386,0.03523743538805662,0.13010466123382067
274,392.0,Barnes,3.0,59.0,15.0,0.0,0.0,0.0,0.0,0.7564224490338411,2.2023397117535386,0.0,0.0
275,394.0,Bruno G.,3.0,61.0,15.0,0.042,0.384,0.42600000000000005,1.432,0.7564224490338411,2.2023397117535386,0.9381967172070074,1.0831969470164604
276,395.0,Burn,2.0,44.0,15.0,0.078,0.016,0.094,1.6199999999999999,0.7564224490338411,2.2023397117535386,0.20701993290483262,1.2254043674348227
277,396.0,Dúbravka,1.0,43.0,15.0,0.0,0.0,0.0,1.6199999999999999,0.7564224490338411,2.2023397117535386,0.0,1.2254043674348227
278,397.0,Fraser,3.0,48.0,17.0,0.0,0.0,0.0,0.054000000000000006,0.8242456973578072,1.9232794912295383,0.0,0.04450926765732159
279,398.0,Gordon,3.0,75.0,15.0,0.23000000000000004,0.13,0.36,1.326,0.7564224490338411,2.2023397117535386,0.7928422962312738,1.0030161674188733
280,399.0,Hall,2.0,50.0,15.0,0.02,0.076,0.096,1.5,0.7564224490338411,2.2023397117535386,0.21142461232833967,1.1346336735507618
281,400.0,Hayden,3.0,44.0,15.0,0.0,0.0,0.0,0.0,0.7564224490338411,2.2023397117535386,0.0,0.0
282,401.0,Isak,4.0,95.0,15.0,0.4820000000000001,0.144,0.626,1.438,0.7564224490338411,2.2023397117535386,1.378664659557715,1.0877354817106635
283,402.0,J.Murphy,3.0,51.0,15.0,0.058,0.10800000000000001,0.16599999999999998,1.3299999999999998,0.7564224490338411,2.2023397117535386,0.36558839215108735,1.0060418572150087
284,403.0,Joelinton,3.0,60.0,15.0,0.15,0.098,0.24800000000000003,0.9439999999999998,0.7564224490338411,2.2023397117535386,0.5461802485148776,0.7140627918879461
285,406.0,Kuol,3.0,44.0,15.0,0.0,0.0,0.0,0.0,0.7564224490338411,2.2023397117535386,0.0,0.0
286,409.0,Livramento,2.0,45.0,15.0,0.018000000000000002,0.018,0.036,1.178,0.7564224490338411,2.2023397117535386,0.07928422962312738,0.8910656449618648
287,410.0,Longstaff,3.0,45.0,15.0,0.0,0.0,0.0,0.132,0.7564224490338411,2.2023397117535386,0.0,0.09984776327246704
288,411.0,Miley,3.0,50.0,15.0,0.08199999999999999,0.004,0.086,0.32999999999999996,0.7564224490338411,2.2023397117535386,0.1894012152108043,0.24961940818116757
289,415.0,Schär,2.0,54.0,15.0,0.054000000000000006,0.01,0.064,1.062,0.7564224490338411,2.2023397117535386,0.14094974155222648,0.8033206408739394
290,417.0,Tonali,3.0,55.0,15.0,0.152,0.028,0.18,1.6199999999999999,0.7564224490338411,2.2023397117535386,0.3964211481156369,1.2254043674348227
291,419.0,White,3.0,45.0,15.0,0.0,0.0,0.0,0.0,0.7564224490338411,2.2023397117535386,0.0,0.0
292,420.0,Willock,3.0,47.0,15.0,0.030000000000000006,0.01,0.04,0.674,0.7564224490338411,2.2023397117535386,0.08809358847014155,0.509828730648809
293,421.0,Wilson,4.0,69.0,15.0,0.0,0.0,0.0,0.12400000000000001,0.7564224490338411,2.2023397117535386,0.0,0.0937963836801963
294,422.0,Aina,2.0,54.0,16.0,0.0,0.038,0.038,1.376,0.7090496619591199,2.209252269387077,0.08395158623670892,0.9756523348557488
295,423.0,Anderson,3.0,50.0,16.0,0.012,0.09,0.10200000000000001,1.4300000000000002,0.7090496619591199,2.209252269387077,0.22534373147748188,1.0139410166015415
296,424.0,Awoniyi,4.0,55.0,16.0,0.072,0.004,0.076,0.276,0.7090496619591199,2.209252269387077,0.16790317247341785,0.1956977067007171
297,426.0,Bowler,3.0,45.0,16.0,0.0,0.0,0.0,0.0,0.7090496619591199,2.209252269387077,0.0,0.0
298,428.0,Da Silva Moreira,3.0,44.0,16.0,0.0,0.0,0.0,0.0,0.7090496619591199,2.209252269387077,0.0,0.0
299,429.0,Danilo,3.0,47.0,16.0,0.0,0.0,0.0,0.4660000000000001,0.7090496619591199,2.209252269387077,0.0,0.3304171424729499
300,430.0,Dennis,4.0,49.0,16.0,0.0,0.0,0.0,0.0,0.7090496619591199,2.209252269387077,0.0,0.0
301,431.0,Dominguez,3.0,48.0,16.0,0.002,0.11400000000000002,0.11600000000000002,0.584,0.7090496619591199,2.209252269387077,0.256273263248901,0.41408500258412595
302,432.0,Elanga,3.0,53.0,16.0,0.13599999999999998,0.30799999999999994,0.44399999999999995,1.4460000000000002,0.7090496619591199,2.209252269387077,0.980908007607862,1.0252858111928873
303,433.0,Gibbs-White,3.0,65.0,16.0,0.22200000000000003,0.07,0.292,1.252,0.7090496619591199,2.209252269387077,0.6451016626610264,0.8877301767728181
304,434.0,Hudson-Odoi,3.0,52.0,16.0,0.052000000000000005,0.024,0.076,0.504,0.7090496619591199,2.209252269387077,0.16790317247341785,0.35736102962739635
305,435.0,Mighten,3.0,45.0,16.0,0.0,0.0,0.0,0.0,0.7090496619591199,2.209252269387077,0.0,0.0
306,436.0,Murillo,2.0,47.0,16.0,0.008,0.048,0.05600000000000001,1.4860000000000002,0.7090496619591199,2.209252269387077,0.12371812708567632,1.053647797671252
307,437.0,N.Williams,2.0,44.0,16.0,0.116,0.014000000000000002,0.12999999999999998,1.358,0.7090496619591199,2.209252269387077,0.2872027950203199,0.9628894409404848
308,439.0,O'Brien,3.0,50.0,16.0,0.0,0.0,0.0,0.0,0.7090496619591199,2.209252269387077,0.0,0.0
309,442.0,Sangaré,3.0,43.0,16.0,0.0,0.0,0.0,0.146,0.7090496619591199,2.209252269387077,0.0,0.10352125064603149
310,443.0,Sels,1.0,50.0,16.0,0.0,0.004,0.004,1.526,0.7090496619591199,2.209252269387077,0.008837009077548308,1.082009784149617
311,446.0,Ui-jo,4.0,45.0,16.0,0.0,0.0,0.0,0.0,0.7090496619591199,2.209252269387077,0.0,0.0
312,447.0,Wood,4.0,71.0,16.0,0.6380000000000001,0.012,0.6500000000000001,1.402,0.7090496619591199,2.209252269387077,1.4360139751016,0.9940876260666859
313,449.0,Yates,3.0,48.0,16.0,0.004,0.002,0.006,0.37,0.7090496619591199,2.209252269387077,0.013255513616322462,0.26234837492487434
314,450.0,Alcaraz,3.0,49.0,8.0,0.048,0.014000000000000002,0.062000000000000006,0.33,0.8028567148965358,2.2280439535744616,0.13813872512161662,0.26494271591585683
315,451.0,Amo-Ameyaw,3.0,44.0,17.0,0.0,0.0,0.0,0.0,0.8242456973578072,1.9232794912295383,0.0,0.0
316,452.0,Aribo,3.0,49.0,17.0,0.068,0.022,0.09000000000000001,1.8539999999999996,0.8242456973578072,1.9232794912295383,0.17309515421065846,1.5281515229013745
317,453.0,Armstrong,4.0,51.0,17.0,0.016,0.006,0.022,1.018,0.8242456973578072,1.9232794912295383,0.042312148807049844,0.8390821199102477
318,455.0,Bednarek,2.0,40.0,17.0,0.128,0.0,0.128,2.0420000000000003,0.8242456973578072,1.9232794912295383,0.2461797748773809,1.6831097140046425
319,457.0,Bree,2.0,39.0,17.0,0.014000000000000002,0.036,0.05,2.19,0.8242456973578072,1.9232794912295383,0.09616397456147692,1.8050980772135976
320,458.0,Charles,3.0,45.0,17.0,0.0,0.0,0.0,0.0,0.8242456973578072,1.9232794912295383,0.0,0.0
321,459.0,Edozie,3.0,49.0,17.0,0.0,0.0,0.0,0.0,0.8242456973578072,1.9232794912295383,0.0,0.0
322,461.0,Harwood-Bellis,2.0,40.0,17.0,0.068,0.022,0.09,1.9100000000000001,0.8242456973578072,1.9232794912295383,0.17309515421065846,1.5743092819534117
323,462.0,Kamaldeen,3.0,50.0,17.0,0.13999999999999999,0.01,0.15,1.1179999999999999,0.8242456973578072,1.9232794912295383,0.2884919236844307,0.9215066896460283
324,463.0,Lallana,3.0,50.0,17.0,0.0,0.0,0.0,0.054000000000000006,0.8242456973578072,1.9232794912295383,0.0,0.04450926765732159
325,468.0,Mara,4.0,50.0,17.0,0.0,0.0,0.0,0.0,0.8242456973578072,1.9232794912295383,0.0,0.0
326,470.0,Onuachu,4.0,49.0,17.0,0.13599999999999998,0.036,0.172,1.576,0.8242456973578072,1.9232794912295383,0.3308040724914806,1.2990112190359042
327,471.0,Smallbone,3.0,50.0,17.0,0.0,0.02,0.02,0.716,0.8242456973578072,1.9232794912295383,0.03846558982459077,0.5901599193081899
328,473.0,Stewart,4.0,44.0,17.0,0.0,0.0,0.0,0.0,0.8242456973578072,1.9232794912295383,0.0,0.0
329,476.0,Walker-Peters,2.0,43.0,17.0,0.016,0.034,0.05,2.244,0.8242456973578072,1.9232794912295383,0.09616397456147692,1.8496073448709194
330,480.0,Bentancur,3.0,49.0,18.0,0.012,0.05,0.062000000000000006,0.9720000000000001,0.7765235679733073,2.2475316441833844,0.13934696193936985,0.7547809080700548
331,481.0,Bergvall,3.0,44.0,18.0,0.064,0.022,0.086,1.374,0.7765235679733073,2.2475316441833844,0.19328772139977107,1.0669433823953243
332,482.0,Bissouma,3.0,48.0,18.0,0.022000000000000002,0.016,0.038,0.41800000000000004,0.7765235679733073,2.2475316441833844,0.0854062024789686,0.32458685141284244
333,483.0,Bryan,3.0,50.0,18.0,0.0,0.0,0.0,0.0,0.7765235679733073,2.2475316441833844,0.0,0.0
334,484.0,Davies,2.0,43.0,18.0,0.032,0.036,0.068,1.4179999999999997,0.7765235679733073,2.2475316441833844,0.15283215180447016,1.1011104193861496
335,485.0,Devine,3.0,45.0,18.0,0.0,0.0,0.0,0.0,0.7765235679733073,2.2475316441833844,0.0,0.0
336,489.0,Gray,3.0,46.0,18.0,0.0,0.008,0.008,1.46,0.7765235679733073,2.2475316441833844,0.017980253153467077,1.1337244092410286
337,490.0,Højbjerg,3.0,50.0,18.0,0.0,0.0,0.0,0.0,0.7765235679733073,2.2475316441833844,0.0,0.0
338,491.0,Johnson,3.0,62.0,18.0,0.01,0.014,0.024,0.36,0.7765235679733073,2.2475316441833844,0.05394075946040123,0.27954848447039066
339,492.0,Kulusevski,3.0,63.0,18.0,0.21000000000000002,0.10200000000000001,0.312,1.7079999999999997,0.7765235679733073,2.2475316441833844,0.701229872985216,1.3263022540984086
340,493.0,Lo Celso,3.0,49.0,18.0,0.0,0.0,0.0,0.0,0.7765235679733073,2.2475316441833844,0.0,0.0
341,494.0,Maddison,3.0,74.0,18.0,0.182,0.066,0.24800000000000003,0.7939999999999999,0.7765235679733073,2.2475316441833844,0.5573878477574794,0.6165597129708059
342,495.0,Pedro Porro,2.0,54.0,18.0,0.044,0.15399999999999997,0.198,1.7079999999999997,0.7765235679733073,2.2475316441833844,0.44501126554831016,1.3263022540984086
343,497.0,Richarlison,4.0,68.0,18.0,0.196,0.018,0.21399999999999997,0.754,0.7765235679733073,2.2475316441833844,0.48097177185524426,0.5854987702518737
344,499.0,P.M.Sarr,3.0,48.0,18.0,0.060000000000000005,0.014000000000000002,0.074,1.002,0.7765235679733073,2.2475316441833844,0.16631734166957043,0.778076615109254
345,500.0,Scarlett,4.0,44.0,18.0,0.0,0.0,0.0,0.092,0.7765235679733073,2.2475316441833844,0.0,0.07144016825354428
346,501.0,Skipp,3.0,47.0,11.0,0.012,0.002,0.014000000000000002,0.21000000000000002,0.7790965090852275,2.4357142083781538,0.03409999891729416,0.16361026690789782
347,502.0,Solomon,3.0,54.0,18.0,0.0,0.0,0.0,0.0,0.7765235679733073,2.2475316441833844,0.0,0.0
348,503.0,Son,3.0,97.0,18.0,0.13599999999999998,0.10400000000000001,0.24000000000000002,1.6280000000000001,0.7765235679733073,2.2475316441833844,0.5394075946040122,1.2641803686605444
349,504.0,Spence,2.0,44.0,18.0,0.016,0.052000000000000005,0.068,1.3960000000000004,0.7765235679733073,2.2475316441833844,0.15283215180447016,1.0840269008907373
350,507.0,Veliz,4.0,50.0,18.0,0.0,0.0,0.0,0.0,0.7765235679733073,2.2475316441833844,0.0,0.0
351,509.0,Werner,3.0,62.0,18.0,0.0,0.0,0.0,0.0,0.7765235679733073,2.2475316441833844,0.0,0.0
352,511.0,Álvarez,3.0,50.0,19.0,0.024,0.046,0.07,0.9719999999999998,0.7054887921266436,2.3941078140553844,0.16758754698387696,0.6857351059470975
353,512.0,Antonio,4.0,53.0,19.0,0.0,0.0,0.0,0.0,0.7054887921266436,2.3941078140553844,0.0,0.0
354,514.0,Bowen,3.0,73.0,19.0,0.04,0.096,0.136,0.6660000000000001,0.7054887921266436,2.3941078140553844,0.32559866271153226,0.4698555355563447
355,515.0,Cornet,3.0,47.0,17.0,0.0,0.0,0.0,0.0,0.8242456973578072,1.9232794912295383,0.0,0.0
356,518.0,Downes,3.0,47.0,17.0,0.004,0.002,0.006,0.402,0.8242456973578072,1.9232794912295383,0.011539676947377231,0.33134677033783844
357,519.0,Earthy,3.0,45.0,19.0,0.0,0.0,0.0,0.0,0.7054887921266436,2.3941078140553844,0.0,0.0
358,520.0,Emerson,2.0,44.0,19.0,0.086,0.044,0.13,1.008,0.7054887921266436,2.3941078140553844,0.3112340158272,0.7111327024636569
359,523.0,Ings,4.0,49.0,19.0,0.04,0.002,0.041999999999999996,0.4640000000000001,0.7054887921266436,2.3941078140553844,0.10055252819032613,0.3273467995467627
360,524.0,Kilman,2.0,43.0,19.0,0.0,0.024,0.024,1.48,0.7054887921266436,2.3941078140553844,0.05745858753732923,1.0441234123474326
361,525.0,Kudus,3.0,62.0,19.0,0.246,0.02,0.266,1.276,0.7054887921266436,2.3941078140553844,0.6368326785387323,0.9002036987535974
362,526.0,L.Guilherme,3.0,46.0,19.0,0.0,0.006,0.006,0.16999999999999998,0.7054887921266436,2.3941078140553844,0.014364646884332307,0.11993309466152942
363,527.0,L.Paquetá,3.0,57.0,19.0,0.24000000000000002,0.05600000000000001,0.296,0.938,0.7054887921266436,2.3941078140553844,0.7086559129603938,0.6617484870147917
364,530.0,Souček,3.0,49.0,19.0,0.10200000000000001,0.036,0.13799999999999998,1.44,0.7054887921266436,2.3941078140553844,0.33038687833964303,1.015903860662367
365,531.0,Ward-Prowse,3.0,61.0,19.0,0.008,0.041999999999999996,0.05,0.04,0.7054887921266436,2.3941078140553844,0.11970539070276923,0.02821955168506575
366,533.0,Aït-Nouri,2.0,47.0,20.0,0.016,0.066,0.082,1.606,0.6542458920757708,2.3175422088830766,0.1900384611284123,1.0507189026736876
367,534.0,B.Traore,3.0,48.0,20.0,0.0,0.0,0.0,0.0,0.6542458920757708,2.3175422088830766,0.0,0.0
368,535.0,Bellegarde,3.0,49.0,20.0,0.044,0.134,0.178,0.16599999999999998,0.6542458920757708,2.3175422088830766,0.41252251318118766,0.10860481808457795
369,537.0,Chiquinho,3.0,45.0,20.0,0.0,0.0,0.0,0.0,0.6542458920757708,2.3175422088830766,0.0,0.0
370,538.0,Chirewa,3.0,45.0,20.0,0.0,0.0,0.0,0.0,0.6542458920757708,2.3175422088830766,0.0,0.0
371,539.0,Chiwome,4.0,45.0,20.0,0.0,0.0,0.0,0.0,0.6542458920757708,2.3175422088830766,0.0,0.0
372,540.0,Cundle,3.0,45.0,20.0,0.0,0.0,0.0,0.0,0.6542458920757708,2.3175422088830766,0.0,0.0
373,541.0,Cunha,4.0,68.0,20.0,0.33999999999999997,0.132,0.4719999999999999,1.542,0.6542458920757708,2.3175422088830766,1.0938799225928122,1.0088471655808384
374,543.0,Doherty,2.0,43.0,20.0,0.062000000000000006,0.036,0.098,1.674,0.6542458920757708,2.3175422088830766,0.22711913647054155,1.0952076233348402
375,544.0,Doyle,3.0,47.0,20.0,0.016,0.0,0.016,0.062000000000000006,0.6542458920757708,2.3175422088830766,0.03708067534212923,0.04056324530869778
376,545.0,Fábio Silva,4.0,50.0,20.0,0.0,0.0,0.0,0.0,0.6542458920757708,2.3175422088830766,0.0,0.0
377,546.0,Fraser,4.0,45.0,20.0,0.0,0.0,0.0,0.0,0.6542458920757708,2.3175422088830766,0.0,0.0
378,547.0,Gonzalez,3.0,44.0,20.0,0.0,0.0,0.0,0.0,0.6542458920757708,2.3175422088830766,0.0,0.0
379,548.0,Guedes,3.0,53.0,20.0,0.28800000000000003,0.014000000000000002,0.302,0.708,0.6542458920757708,2.3175422088830766,0.6998977470826891,0.46320609158964565
380,550.0,Hee Chan,3.0,61.0,20.0,0.004,0.008,0.012,0.328,0.6542458920757708,2.3175422088830766,0.027810506506596923,0.21459265260085278
381,551.0,Hodge,3.0,45.0,20.0,0.0,0.0,0.0,0.0,0.6542458920757708,2.3175422088830766,0.0,0.0
382,553.0,J.Gomes,3.0,49.0,20.0,0.036,0.034,0.06999999999999999,1.5539999999999998,0.6542458920757708,2.3175422088830766,0.16222795462181536,1.0166981162857476
383,554.0,José Sá,1.0,43.0,20.0,0.0,0.0,0.0,1.674,0.6542458920757708,2.3175422088830766,0.0,1.0952076233348402
384,555.0,Kalajdžić,4.0,48.0,20.0,0.0,0.0,0.0,0.0,0.6542458920757708,2.3175422088830766,0.0,0.0
385,557.0,Mario Jr.,3.0,48.0,20.0,0.0,0.0,0.0,0.0,0.6542458920757708,2.3175422088830766,0.0,0.0
386,559.0,N.Semedo,2.0,45.0,20.0,0.01,0.026000000000000002,0.036,1.3519999999999999,0.6542458920757708,2.3175422088830766,0.08343151951979076,0.8845404460864419
387,560.0,Neto,3.0,62.0,6.0,0.074,0.038,0.11200000000000002,0.514,0.7279899171675848,2.305121094282769,0.2581735625596702,0.3741868174241386
388,562.0,Podence,3.0,55.0,20.0,0.0,0.0,0.0,0.0,0.6542458920757708,2.3175422088830766,0.0,0.0
389,563.0,R.Gomes,3.0,51.0,20.0,0.0,0.041999999999999996,0.041999999999999996,0.39,0.6542458920757708,2.3175422088830766,0.09733677277308922,0.25515589790955057
390,564.0,S.Bueno,2.0,43.0,20.0,0.0,0.0,0.0,1.292,0.6542458920757708,2.3175422088830766,0.0,0.8452856925618958
391,565.0,Sarabia,3.0,50.0,20.0,0.196,0.066,0.262,1.194,0.6542458920757708,2.3175422088830766,0.6071960587273662,0.7811695951384702
392,566.0,Strand Larsen,4.0,52.0,20.0,0.138,0.002,0.14,1.108,0.6542458920757708,2.3175422088830766,0.32445590924363077,0.724904448419954
393,569.0,Jaden,3.0,53.0,10.0,0.0,0.008,0.008,0.602,0.6813662510649073,2.2586428499326154,0.018069142799460924,0.4101824831410742
394,570.0,A.Fatawu,3.0,51.0,11.0,0.0,0.0,0.0,0.0,0.7790965090852275,2.4357142083781538,0.0,0.0
395,571.0,Savinho,3.0,62.0,13.0,0.194,0.15799999999999997,0.352,0.812,0.7309526668016265,2.296737336202769,0.8084515423433747,0.5935335654429208
396,573.0,Milenković,2.0,48.0,16.0,0.048,0.018,0.066,1.526,0.7090496619591199,2.209252269387077,0.14581064977954708,1.082009784149617
397,576.0,Irving,3.0,47.0,19.0,0.018000000000000002,0.022,0.04,0.4820000000000001,0.7054887921266436,2.3941078140553844,0.09576431256221539,0.34004559780504223
398,577.0,Lindstrøm,3.0,50.0,8.0,0.11200000000000002,0.19,0.302,0.584,0.8028567148965358,2.2280439535744616,0.6728692739794874,0.46886832149957686
399,580.0,Huijsen,2.0,45.0,3.0,0.026000000000000002,0.030000000000000002,0.05600000000000001,1.5159999999999998,0.6726451714279664,2.159222645352,0.120916468139712,1.0197300798847972
400,582.0,O'Brien,2.0,45.0,8.0,0.0,0.012,0.012,0.858,0.8028567148965358,2.2280439535744616,0.02673652744289354,0.6888510613812276
401,584.0,Brereton Díaz,3.0,48.0,17.0,0.0,0.0,0.0,0.0,0.8242456973578072,1.9232794912295383,0.0,0.0
402,585.0,I.Sarr,3.0,56.0,7.0,0.148,0.2,0.348,1.006,0.7752945670510193,2.2046668486575385,0.7672240633328233,0.7799463344533252
403,587.0,Summerville,3.0,55.0,19.0,0.0,0.0,0.0,0.0,0.7054887921266436,2.3941078140553844,0.0,0.0
404,588.0,G.Rodríguez,3.0,48.0,19.0,0.0,0.0,0.0,0.254,0.7054887921266436,2.3941078140553844,0.0,0.1791941532001675
405,589.0,Füllkrug,4.0,67.0,19.0,0.0,0.0,0.0,0.0,0.7054887921266436,2.3941078140553844,0.0,0.0
406,590.0,Osula,4.0,49.0,15.0,0.0,0.0,0.0,0.20800000000000002,0.7564224490338411,2.2023397117535386,0.0,0.15733586939903896
407,593.0,De Ligt,2.0,49.0,14.0,0.084,0.024,0.10800000000000001,1.2959999999999998,0.676694575677679,2.30202807892,0.24861903252336,0.876996170078272
408,594.0,Mazraoui,2.0,43.0,14.0,0.004,0.066,0.06999999999999999,1.596,0.676694575677679,2.30202807892,0.1611419655244,1.0800045427815756
409,595.0,Gruda,3.0,54.0,5.0,0.0,0.002,0.002,0.16199999999999998,0.7709063458998654,2.307701525489846,0.004615403050979692,0.1248868280357782
410,596.0,Jota Silva,3.0,59.0,16.0,0.098,0.033999999999999996,0.132,0.44800000000000006,0.7090496619591199,2.209252269387077,0.29162129955909416,0.3176542485576857
411,597.0,Lewis-Skelly,3.0,45.0,1.0,0.008,0.024,0.032,0.628,0.7639006393933523,2.3104694154870766,0.07393502129558646,0.4797296015390253
412,600.0,Ayari,3.0,50.0,5.0,0.034,0.146,0.18,0.516,0.7709063458998654,2.307701525489846,0.41538627458817223,0.3977876744843306
413,601.0,Moran,3.0,50.0,5.0,0.0,0.0,0.0,0.0,0.7709063458998654,2.307701525489846,0.0,0.0
414,602.0,Trevitt,3.0,44.0,4.0,0.0,0.0,0.0,0.0,0.6538794630734001,2.2175886478298463,0.0,0.0
415,603.0,Armstrong,3.0,44.0,8.0,0.0,0.0,0.0,0.0,0.8028567148965358,2.2280439535744616,0.0,0.0
416,604.0,King,3.0,45.0,9.0,0.04,0.11799999999999998,0.15799999999999997,0.016,0.8426332948506648,2.152641600365846,0.34011737285780363,0.013482132717610638
417,605.0,Godo,3.0,44.0,9.0,0.0,0.0,0.0,0.0,0.8426332948506648,2.152641600365846,0.0,0.0
418,606.0,Alves,3.0,44.0,11.0,0.0,0.0,0.0,0.0,0.7790965090852275,2.4357142083781538,0.0,0.0
419,607.0,O’Reilly,3.0,49.0,13.0,0.006,0.0,0.006,0.004,0.7309526668016265,2.296737336202769,0.013780424017216615,0.0029238106672065064
420,608.0,Dibling,3.0,45.0,17.0,0.046,0.026000000000000002,0.072,0.31199999999999994,0.8242456973578072,1.9232794912295383,0.13847612336852674,0.2571646575756358
421,609.0,Lankshear,4.0,45.0,18.0,0.0,0.0,0.0,0.0,0.7765235679733073,2.2475316441833844,0.0,0.0
422,610.0,Moore,3.0,45.0,18.0,0.032,0.10400000000000001,0.136,0.20400000000000001,0.7765235679733073,2.2475316441833844,0.3056643036089403,0.15841080786655473
423,611.0,Szmodics,3.0,57.0,10.0,0.0,0.0,0.0,0.0,0.6813662510649073,2.2586428499326154,0.0,0.0
424,612.0,Odobert,3.0,53.0,18.0,0.0,0.0,0.0,0.02,0.7765235679733073,2.2475316441833844,0.0,0.015530471359466148
425,613.0,Collyer,3.0,45.0,14.0,0.0,0.002,0.002,0.16999999999999998,0.676694575677679,2.30202807892,0.00460405615784,0.11503807786520542
426,614.0,Metcalfe,3.0,45.0,8.0,0.0,0.0,0.0,0.0,0.8028567148965358,2.2280439535744616,0.0,0.0
427,617.0,Evanilson,4.0,56.0,3.0,0.0,0.0,0.0,0.0,0.6726451714279664,2.159222645352,0.0,0.0
428,618.0,Georginio,3.0,51.0,5.0,0.14400000000000002,0.066,0.21000000000000002,0.874,0.7709063458998654,2.307701525489846,0.48461732035286775,0.6737721463164823
429,619.0,Cajuste,3.0,45.0,10.0,0.008,0.008,0.016,1.116,0.6813662510649073,2.2586428499326154,0.03613828559892185,0.7604047361884366
430,620.0,Sosa,3.0,55.0,16.0,0.004,0.0,0.004,0.23200000000000004,0.7090496619591199,2.209252269387077,0.008837009077548308,0.1644995215745158
431,621.0,João Félix,3.0,59.0,6.0,0.012,0.012,0.024,0.04,0.7279899171675848,2.305121094282769,0.055322906262786464,0.029119596686703393
432,622.0,Berge,3.0,50.0,9.0,0.016,0.016,0.032,0.378,0.8426332948506648,2.152641600365846,0.06888453121170708,0.31851538545355135
433,623.0,M.Fernandes,3.0,50.0,17.0,0.238,0.146,0.384,1.9179999999999997,0.8242456973578072,1.9232794912295383,0.7385393246321428,1.5809032475322742
434,625.0,Gündogan,3.0,63.0,13.0,0.008,0.132,0.13999999999999999,0.8059999999999998,0.7309526668016265,2.296737336202769,0.3215432270683876,0.5891478494421108
435,629.0,O'Riley,3.0,55.0,5.0,0.018,0.046,0.064,0.542,0.7709063458998654,2.307701525489846,0.14769289763135016,0.4178312394777271
436,630.0,O'Shea,2.0,40.0,10.0,0.024,0.004,0.028000000000000004,1.8619999999999997,0.6813662510649073,2.2586428499326154,0.06324199979811324,1.2687039594828573
437,631.0,J.Clarke,3.0,54.0,10.0,0.0,0.004,0.004,0.644,0.6813662510649073,2.2586428499326154,0.009034571399730462,0.43879986568580037
438,632.0,Ogbene,3.0,48.0,10.0,0.0,0.0,0.0,0.0,0.6813662510649073,2.2586428499326154,0.0,0.0
439,633.0,Merino,3.0,60.0,1.0,0.184,0.01,0.194,0.23600000000000004,0.7639006393933523,2.3104694154870766,0.44823106660449297,0.18028055089683118
440,634.0,G.Nunes,3.0,49.0,4.0,0.0,0.0,0.0,0.0,0.6538794630734001,2.2175886478298463,0.0,0.0
441,635.0,El Khannouss,3.0,48.0,11.0,0.034,0.044,0.078,1.5559999999999998,0.7790965090852275,2.4357142083781538,0.18998570825349598,1.2122741681366138
442,636.0,Chiesa,3.0,68.0,12.0,0.0,0.002,0.002,0.05000000000000001,0.7284144770922055,2.0358301997983332,0.004071660399596667,0.03642072385461028
443,638.0,Oulad M'hand,3.0,45.0,1.0,0.0,0.0,0.0,0.0,0.7639006393933523,2.3104694154870766,0.0,0.0
444,642.0,André,3.0,50.0,20.0,0.004,0.014000000000000002,0.018,1.6480000000000001,0.6542458920757708,2.3175422088830766,0.04171575975989538,1.0781972301408702
445,644.0,Umeh-Chibueze,3.0,44.0,7.0,0.0,0.0,0.0,0.0,0.7752945670510193,2.2046668486575385,0.0,0.0
446,645.0,Devenny,3.0,45.0,7.0,0.008,0.0,0.008,0.142,0.7752945670510193,2.2046668486575385,0.017637334789260307,0.11009182852124472
447,646.0,Agbinone,3.0,45.0,7.0,0.0,0.0,0.0,0.0,0.7752945670510193,2.2046668486575385,0.0,0.0
448,647.0,Rodney,3.0,45.0,7.0,0.0,0.0,0.0,0.0,0.7752945670510193,2.2046668486575385,0.0,0.0
449,648.0,Wheatley,4.0,45.0,14.0,0.0,0.0,0.0,0.0,0.676694575677679,2.30202807892,0.0,0.0
450,650.0,Lacroix,2.0,45.0,7.0,0.10200000000000001,0.02,0.12199999999999998,1.1179999999999999,0.7752945670510193,2.2046668486575385,0.2689693555362197,0.8667793259630394
451,651.0,Mangala,3.0,50.0,8.0,0.068,0.004,0.072,0.6,0.8028567148965358,2.2280439535744616,0.1604191646573612,0.4817140289379215
452,652.0,Ugarte,3.0,49.0,14.0,0.02,0.01,0.030000000000000006,1.062,0.676694575677679,2.30202807892,0.0690608423676,0.7186496393696952
453,654.0,C.Soler,3.0,50.0,19.0,0.030000000000000006,0.06999999999999999,0.1,1.168,0.7054887921266436,2.3941078140553844,0.23941078140553845,0.8240109092039198
454,655.0,Forbs,3.0,54.0,20.0,0.0,0.0,0.0,0.0,0.6542458920757708,2.3175422088830766,0.0,0.0
455,656.0,Young,3.0,45.0,2.0,0.0,0.0,0.0,0.0,0.7617593036339344,2.2389252590766664,0.0,0.0
456,659.0,Kabia,3.0,45.0,1.0,0.0,0.0,0.0,0.0,0.7639006393933523,2.3104694154870766,0.0,0.0
457,661.0,Yogane,3.0,45.0,4.0,0.0,0.0,0.0,0.0,0.6538794630734001,2.2175886478298463,0.0,0.0
458,665.0,Butler-Oyedeji,4.0,45.0,1.0,0.0,0.0,0.0,0.0,0.7639006393933523,2.3104694154870766,0.0,0.0
459,667.0,Fletcher,3.0,45.0,14.0,0.0,0.0,0.0,0.0,0.676694575677679,2.30202807892,0.0,0.0
460,671.0,Wright,3.0,45.0,13.0,0.0,0.0,0.0,0.0,0.7309526668016265,2.296737336202769,0.0,0.0
461,673.0,Fitzgerald,3.0,45.0,14.0,0.0,0.0,0.0,0.0,0.676694575677679,2.30202807892,0.0,0.0
462,674.0,Maghoma,3.0,45.0,4.0,0.0,0.0,0.0,0.0,0.6538794630734001,2.2175886478298463,0.0,0.0
463,676.0,Marsh,4.0,45.0,7.0,0.0,0.0,0.0,0.0,0.7752945670510193,2.2046668486575385,0.0,0.0
464,678.0,Bates,3.0,45.0,8.0,0.0,0.0,0.0,0.0,0.8028567148965358,2.2280439535744616,0.0,0.0
465,679.0,Broggio,3.0,45.0,2.0,0.0,0.0,0.0,0.0,0.7617593036339344,2.2389252590766664,0.0,0.0
466,682.0,Edozie,3.0,45.0,20.0,0.0,0.0,0.0,0.0,0.6542458920757708,2.3175422088830766,0.0,0.0
467,683.0,Olusesi,3.0,45.0,18.0,0.0,0.0,0.0,0.0,0.7765235679733073,2.2475316441833844,0.0,0.0
468,687.0,Winterburn,3.0,45.0,3.0,0.0,0.0,0.0,0.0,0.6726451714279664,2.159222645352,0.0,0.0
469,688.0,Nyoni,3.0,45.0,12.0,0.0,0.0,0.0,0.0,0.7284144770922055,2.0358301997983332,0.0,0.0
470,689.0,Williams-Barnett,3.0,45.0,18.0,0.0,0.0,0.0,0.0,0.7765235679733073,2.2475316441833844,0.0,0.0
471,693.0,O'Brien-Whitmarsh,3.0,45.0,17.0,0.0,0.0,0.0,0.0,0.8242456973578072,1.9232794912295383,0.0,0.0
472,694.0,Cartwright,3.0,45.0,11.0,0.0,0.0,0.0,0.0,0.7790965090852275,2.4357142083781538,0.0,0.0
473,695.0,Rak-Sakyi,3.0,45.0,6.0,0.0,0.0,0.0,0.0,0.7279899171675848,2.305121094282769,0.0,0.0
474,696.0,George,3.0,45.0,6.0,0.012,0.0,0.012,0.172,0.7279899171675848,2.305121094282769,0.027661453131393232,0.1252142657528246
475,698.0,Mubama,4.0,45.0,13.0,0.008,0.0,0.008,0.004,0.7309526668016265,2.296737336202769,0.018373898689622154,0.0029238106672065064
476,701.0,Orford,3.0,45.0,19.0,0.006,0.008,0.014000000000000002,0.246,0.7054887921266436,2.3941078140553844,0.033517509396775384,0.17355024286315432
477,707.0,Rees-Dottin,4.0,45.0,3.0,0.0,0.0,0.0,0.0,0.6726451714279664,2.159222645352,0.0,0.0
478,709.0,Danns,4.0,45.0,12.0,0.0,0.002,0.002,0.09000000000000001,0.7284144770922055,2.0358301997983332,0.004071660399596667,0.06555730293829849
479,710.0,Jimoh,3.0,45.0,2.0,0.0,0.0,0.0,0.0,0.7617593036339344,2.2389252590766664,0.0,0.0
480,714.0,Gómez,3.0,55.0,5.0,0.0,0.004,0.004,0.484,0.7709063458998654,2.307701525489846,0.009230806101959385,0.37311867141553484
481,716.0,Kinsky,1.0,45.0,18.0,0.0,0.002,0.002,1.404,0.7765235679733073,2.2475316441833844,0.004495063288366769,1.0902390894345233
482,717.0,Yang,3.0,45.0,18.0,0.0,0.0,0.0,0.0,0.7765235679733073,2.2475316441833844,0.0,0.0
483,720.0,Agbadou,2.0,40.0,20.0,0.006,0.006,0.012,1.674,0.6542458920757708,2.3175422088830766,0.027810506506596923,1.0952076233348402
484,722.0,Adu-Adjei,4.0,45.0,3.0,0.0,0.0,0.0,0.0,0.6726451714279664,2.159222645352,0.0,0.0
485,723.0,Sadi,3.0,45.0,3.0,0.0,0.0,0.0,0.0,0.6726451714279664,2.159222645352,0.0,0.0
486,724.0,Sherif,4.0,45.0,8.0,0.0,0.0,0.0,0.0,0.8028567148965358,2.2280439535744616,0.0,0.0
487,725.0,Malen,3.0,55.0,2.0,0.0775,0.01,0.08749999999999998,0.44250000000000006,0.7617593036339344,2.2389252590766664,0.19590596016920833,0.337078491858016
488,728.0,Silcott-Duberry,3.0,45.0,3.0,0.0,0.0,0.0,0.01,0.6726451714279664,2.159222645352,0.0,0.006726451714279666
489,729.0,Ajayi,3.0,45.0,18.0,0.0,0.0,0.0,0.0,0.7765235679733073,2.2475316441833844,0.0,0.0
490,730.0,Esse,3.0,50.0,7.0,0.10666666666666667,0.0,0.10666666666666667,0.09666666666666666,0.7752945670510193,2.2046668486575385,0.23516446385680412,0.07494514148159852
491,731.0,A. Garcia,2.0,45.0,2.0,0.013333333333333334,0.07,0.08333333333333333,1.1633333333333333,0.7617593036339344,2.2389252590766664,0.18657710492305554,0.8861799898941437
492,734.0,Grønbæk,3.0,50.0,17.0,0.04,0.0,0.04,0.5033333333333333,0.8242456973578072,1.9232794912295383,0.07693117964918154,0.4148703343367629
493,735.0,Arteta,5.0,15.0,1.0,0.0,0.0,0.0,0.0,0.7639006393933523,2.3104694154870766,0.0,0.0
494,736.0,Guardiola,5.0,15.0,13.0,0.0,0.0,0.0,0.0,0.7309526668016265,2.296737336202769,0.0,0.0
495,737.0,Emery,5.0,8.0,2.0,0.0,0.0,0.0,0.0,0.7617593036339344,2.2389252590766664,0.0,0.0
496,738.0,Iraola,5.0,11.0,3.0,0.0,0.0,0.0,0.0,0.6726451714279664,2.159222645352,0.0,0.0
497,739.0,Hürzeler,5.0,11.0,5.0,0.0,0.0,0.0,0.0,0.7709063458998654,2.307701525489846,0.0,0.0
498,740.0,Maresca,5.0,15.0,6.0,0.0,0.0,0.0,0.0,0.7279899171675848,2.305121094282769,0.0,0.0
499,741.0,Glasner,5.0,8.0,7.0,0.0,0.0,0.0,0.0,0.7752945670510193,2.2046668486575385,0.0,0.0
500,742.0,Moyes,5.0,5.0,8.0,0.0,0.0,0.0,0.0,0.8028567148965358,2.2280439535744616,0.0,0.0
501,743.0,McKenna,5.0,5.0,10.0,0.0,0.0,0.0,0.0,0.6813662510649073,2.2586428499326154,0.0,0.0
502,744.0,Slot,5.0,15.0,12.0,0.0,0.0,0.0,0.0,0.7284144770922055,2.0358301997983332,0.0,0.0
503,745.0,Amorim,5.0,8.0,14.0,0.0,0.0,0.0,0.0,0.676694575677679,2.30202807892,0.0,0.0
504,746.0,Howe,5.0,15.0,15.0,0.0,0.0,0.0,0.0,0.7564224490338411,2.2023397117535386,0.0,0.0
505,747.0,Nuno,5.0,11.0,16.0,0.0,0.0,0.0,0.0,0.7090496619591199,2.209252269387077,0.0,0.0
506,748.0,Jurić,5.0,5.0,17.0,0.0,0.0,0.0,0.0,0.8242456973578072,1.9232794912295383,0.0,0.0
507,749.0,Postecoglou,5.0,11.0,18.0,0.0,0.0,0.0,0.0,0.7765235679733073,2.2475316441833844,0.0,0.0
508,750.0,Potter,5.0,5.0,19.0,0.0,0.0,0.0,0.0,0.7054887921266436,2.3941078140553844,0.0,0.0
509,751.0,Pereira,5.0,8.0,20.0,0.0,0.0,0.0,0.0,0.6542458920757708,2.3175422088830766,0.0,0.0
510,752.0,Frank,5.0,8.0,4.0,0.0,0.0,0.0,0.0,0.6538794630734001,2.2175886478298463,0.0,0.0
511,753.0,Silva,5.0,11.0,9.0,0.0,0.0,0.0,0.0,0.8426332948506648,2.152641600365846,0.0,0.0
512,754.0,Van Nistelrooy,5.0,5.0,11.0,0.0,0.0,0.0,0.0,0.7790965090852275,2.4357142083781538,0.0,0.0
513,755.0,Marmoush,4.0,71.0,13.0,0.2933333333333333,0.19333333333333333,0.48666666666666664,0.9966666666666667,0.7309526668016265,2.296737336202769,1.117745503618681,0.7285161579122879
514,758.0,Knight,3.0,45.0,5.0,0.0,0.0,0.0,0.0,0.7709063458998654,2.307701525489846,0.0,0.0
515,762.0,M.Asensio,3.0,60.0,2.0,0.36999999999999994,0.09000000000000001,0.46,1.68,0.7617593036339344,2.2389252590766664,1.0299056191752667,1.27975563010501
516,764.0,Palmer,1.0,45.0,10.0,0.0,0.0,0.0,2.42,0.6813662510649073,2.2586428499326154,0.0,1.6489063275770757
517,765.0,N.Gonzalez,3.0,60.0,13.0,0.0,0.04,0.04,0.48000000000000004,0.7309526668016265,2.296737336202769,0.09186949344811078,0.35085728006478073
518,766.0,Dorgu,2.0,45.0,14.0,0.030000000000000002,0.060000000000000005,0.09,2.23,0.676694575677679,2.30202807892,0.2071825271028,1.5090289037612241
519,767.0,Danso,2.0,45.0,18.0,0.04,0.030000000000000002,0.07,1.24,0.7765235679733073,2.2475316441833844,0.15732721509283693,0.9628892242869012
520,768.0,Tel,3.0,60.0,18.0,0.72,0.060000000000000005,0.78,1.52,0.7765235679733073,2.2475316441833844,1.75307468246304,1.1803158233194273
521,770.0,Munetsi,3.0,50.0,20.0,0.6,0.01,0.6,0.0,0.6542458920757708,2.3175422088830766,1.390525325329846,0.0
522,771.0,Amougou,3.0,45.0,6.0,0.0,0.0,0.0,0.0,0.7279899171675848,2.305121094282769,0.0,0.0
523,772.0,Willian,3.0,50.0,9.0,0.0,0.07,0.07,0.030000000000000002,0.8426332948506648,2.152641600365846,0.15068491202560924,0.025278998845519946
524,773.0,Heath,3.0,45.0,8.0,0.0,0.0,0.0,0.0,0.8028567148965358,2.2280439535744616,0.0,0.0
525,775.0,Coby Ebere,3.0,45.0,8.0,0.0,0.0,0.0,0.0,0.8028567148965358,2.2280439535744616,0.0,0.0
526,776.0,Obi,4.0,45.0,14.0,0.0,0.0,0.0,0.09,0.676694575677679,2.30202807892,0.0,0.06090251181099111
527,778.0,Moorhouse,3.0,45.0,14.0,0.0,0.0,0.0,0.0,0.676694575677679,2.30202807892,0.0,0.0
528,779.0,Koné,3.0,45.0,14.0,0.0,0.0,0.0,0.0,0.676694575677679,2.30202807892,0.0,0.0
